driverId,name,ssn,location,certified,wage-plan

10,Christopher Wise,751-89-2070,"014 Howard Key Suite 096
South Dakota, HI 08421",N,miles

11,Kelly Taylor,157-46-9537,"489 Justin Rapids Apt. 763
Christyhaven, DC 88542",Y,hours

12,Anthony Lopez,093-38-0608,"21401 Elliott Squares Suite 301
Jacquelineside, LA 29942",Y,hours

13,Alexander Meyers,005-07-6947,"536 Michele Springs Suite 900
East Nicoleton, NM 03190",Y,miles

14,Joshua Colon,864-27-8458,"Unit 9193 Box 1665
DPO AE 95996",N,miles

15,Raven Nguyen,169-50-4352,"6162 Shawn Shores
South Wayne, MD 13444",N,hours

16,Christopher Morris,091-09-2587,"9984 Rivera Overpass
Cantrellburgh, ME 28247",Y,hours

17,Elizabeth Coleman,048-70-0476,"27991 Jessica Prairie Apt. 259
South Christianville, IN 04839",N,miles

18,Kayla Jones,634-93-2698,"803 Nicole Place
Dianehaven, VT 24913",Y,miles

19,Tyler Collins,159-82-3707,"8011 Thompson Rue Apt. 109
Jessechester, WV 50908",Y,hours

20,John Griffin,094-75-9523,"43013 Snow Glen Suite 207
South Brendanmouth, VI 66613",Y,hours

21,Rebecca Jackson,239-76-2723,"36750 Osborn Plaza
Shawbury, MT 83631",N,hours

22,Amber Sanchez,689-15-8760,"459 Mahoney Flats Apt. 979
Jodifurt, KS 27145",N,hours

23,Logan Brock,689-46-8587,"267 Campbell Crest Suite 216
Rothland, ME 92506",Y,hours

24,Crystal Vaughn,088-98-5653,"0309 Scott Pass
North Katherineview, CT 08218",N,hours

25,Michael Moran,353-64-3466,"5305 Heidi Lakes
Port Austin, NC 85928",N,miles

26,John Simpson,235-28-2925,"01502 Clark Mountains Apt. 978
South Jimmy, OK 19038",N,miles

27,Jamie Sullivan,789-66-1874,"93241 Crawford Rue Suite 127
Port Dianamouth, SC 94914",Y,hours

28,Manuel Ramirez,825-08-2440,"2519 Jason Way
East April, KY 65130",Y,hours

29,Brian Harding,442-62-1674,"50069 Mercer Gardens
Micheleborough, TN 49292",N,hours

30,Samantha Wright,527-99-3678,"6499 Elizabeth Square Suite 913
New Amy, VI 75928",Y,hours

31,Sydney Smith,826-12-3473,"019 Tracy Walk Apt. 330
Katherineton, FM 12168",Y,miles

32,Justin Sherman,140-61-6535,"54699 Patrick Plains
Davidfort, IA 20301",N,miles

33,Jamie Smith,316-25-6443,"983 Perez Cove Apt. 443
Samanthaville, ND 91263",N,hours

34,Vickie Johnson,240-64-9137,"81873 James Islands
North Brandi, NC 30852",N,miles

35,Tammy Moore,050-47-7784,"93199 Wise Station Apt. 416
New Danielle, LA 64478",N,miles

36,Matthew Prince,828-69-0422,"Unit 8746 Box 4275
DPO AP 73049",Y,miles

37,Kristin Becker,678-38-1250,"108 John Rapids
Victoriaborough, IN 30809",N,hours

38,Jacob Holden,442-53-3615,"4248 Nelson Locks
Lauraville, MN 93063",Y,hours

39,Katie Brown,709-11-0342,"USNV Parks
FPO AE 60113",N,hours

40,Timothy Scott,876-17-9396,"Unit 2201 Box 0057
DPO AE 31688",N,hours

41,Deborah Bryant,632-82-5928,"USNS White
FPO AP 44459",Y,hours

42,Danielle Powell,382-67-5153,"88283 Edward Mills Suite 508
Gilmoreburgh, TX 66464",Y,hours

43,Debra Evans,705-39-2602,"1848 Fernandez Mills Suite 290
Wilsonburgh, NJ 29699",N,hours

44,Todd Miller,032-98-5267,"9592 Sanchez Views
Brownmouth, NV 99465",N,miles

45,Lindsey Brooks,315-53-3904,"5667 Daniel Route
West Susanchester, PR 17487",N,miles

46,Diane Harmon,503-71-8343,"95318 Haley Parkways
North Donnaside, WI 57350",Y,miles

47,Jennifer Smith MD,026-35-9810,"0680 Stewart Via Apt. 413
Blanchardstad, MP 91673",N,hours

48,Samantha Jenkins,022-04-6513,"57983 Virginia Creek Apt. 264
North Justin, HI 99232",Y,miles

49,Luis Steele,351-90-9633,"24957 Margaret Gardens Suite 072
Chelseaburgh, NE 16810",Y,hours

50,Sheila Hubbard,465-13-4181,"556 Hooper Motorway Suite 989
Robertfurt, WI 62935",Y,miles

51,Steven Fox,597-46-5054,"4073 Omar Island Apt. 746
North Angela, CO 03428",Y,miles

52,Johnny Delgado,567-69-5206,"8153 Bailey Club
Blackmouth, FL 46064",Y,hours

53,Paul Moore,499-48-3495,"59254 Geoffrey Island Apt. 707
Walkerfort, PR 43103",N,miles

54,Kelly Johnson,466-72-7341,"3599 Shari Port Suite 734
New Katelyn, WV 11082",Y,hours

55,Richard Wilson,777-45-4572,"15353 Ricky Land Suite 267
Francoview, OR 51249",N,hours

56,Daniel Rodriguez,457-22-7264,"9004 Teresa Drive
Lake Roberto, SD 01426",N,miles

57,Felicia Suarez,732-75-7355,"PSC 4651, Box 5919
APO AA 62334",Y,hours

58,James Graham,623-07-7128,"077 Rose Crossroad Suite 190
Carriechester, MS 19723",Y,hours

59,Lisa Young,527-46-6471,"0994 Morton Knoll Apt. 621
Allenfort, SD 53690",Y,miles

60,Todd Harmon,251-56-4048,"Unit 6111 Box 2900
DPO AA 76951",Y,hours

61,Marissa Elliott,876-79-5570,"551 Huff Mountains Suite 342
Dominguezstad, NV 01095",Y,hours

62,Jacob Bowen,261-60-7269,"8614 Santos Unions
Lake Joseph, VA 35686",Y,hours

63,Joseph Carroll,049-20-6775,"76300 Shawn View
Lake Josephshire, CA 45377",N,miles

64,Emily Salinas,882-63-9377,"2360 Paula Flats
Kyleside, SC 02881",Y,hours

65,Mrs. Kathleen Kemp,637-38-5115,"620 Brewer Shore Apt. 271
Lynnfort, DE 85319",N,hours

66,Carly James,137-96-5032,"1706 Jennings Cliff
East Krystal, ND 12975",Y,hours

67,Meredith Atkinson,503-32-1202,"2185 Ibarra Forks
Anthonyhaven, AK 95967",Y,hours

68,Tara Henry,458-75-8780,"9364 Rebecca Place
New Joshuaview, VA 95898",N,hours

69,Katherine Henderson,639-31-8590,"6944 Samantha Coves
South Codybury, IL 35576",N,miles

70,Miguel Warner,014-28-0128,"843 Payne Land
Farrellmouth, CA 45895",Y,miles

71,Judy Duncan,309-95-7719,"43493 Ashley Street
Katelynland, AS 41899",N,hours

72,Robyn Wilson,667-52-2838,"79854 Rodriguez Lodge Apt. 246
Wilcoxtown, MO 34426",N,hours

73,Mark Butler,006-86-1202,"957 Laura Locks Apt. 219
West Carla, ME 27902",Y,hours

74,April Allen,238-93-0308,"PSC 2860, Box 9318
APO AA 76978",N,hours

75,Chad Durham,752-11-4832,"89431 Wagner Path
Garciachester, NH 43938",N,hours

76,Lisa Padilla,328-94-0312,"Unit 4281 Box 5503
DPO AP 46762",N,hours

77,Brenda Perez,809-41-1256,"8717 Hanson Burgs
North Robert, HI 53537",N,miles

78,Mark Chaney,712-18-1034,"9558 Hector Village Suite 729
Port Mollyshire, LA 43524",Y,hours

79,Christina Kelly,210-39-9378,"057 Johnson Trail Suite 462
North Jeffreyport, PR 98302",Y,hours

80,Ronald Marks,757-54-3121,"9812 Cassandra Lodge
East Gerald, AS 59311",Y,miles

81,Micheal Browning,013-80-9499,"6602 Young Isle
Lake Joanna, MO 04966",Y,hours

82,Alexandria Taylor,585-54-4492,"26492 Mendoza Green Apt. 573
Anitachester, CO 47411",N,miles

83,Seth Lopez,610-18-8512,"122 Morrison Springs Suite 822
South Kimberlymouth, AZ 04392",Y,miles

84,Leslie Hardy,378-18-1058,"060 Mary Via Suite 660
North Debra, ME 16984",Y,miles

85,John Massey,872-53-3655,"36091 Roberts Stravenue Apt. 593
Port Jorge, WI 69650",Y,miles

86,Molly Simmons,846-81-0339,"PSC 7288, Box 6428
APO AE 34216",N,hours

87,Christopher Larson,429-82-1448,"683 John Estate Apt. 046
Bonnieland, KY 86335",N,hours

88,Tony Nichols,395-33-3929,"40522 David Curve Apt. 598
Johnsonview, WI 05401",N,miles

89,Ian George,656-45-9122,"652 Rose Glens
Jordanview, WI 02670",Y,hours

90,Kevin White,471-97-6181,"48972 Larry Hills
Jasmineberg, ME 37583",Y,miles

91,Jeremy Sheppard,468-59-5770,"4664 Sims Meadow Apt. 274
Adamborough, PW 70908",N,miles

92,John Acevedo,743-67-1925,"876 Williams Summit
West Kennethton, NC 20373",N,miles

93,Rebekah Smith,345-12-5756,"66227 Sanchez View Suite 735
Nicholsmouth, DE 64363",Y,miles

94,Amanda Sanchez,744-90-3254,"77097 Turner Shores
Port Nicoleville, IA 13949",N,miles

95,Kyle Schroeder,553-49-3509,"2774 Lee Centers Suite 367
North Heatherhaven, MO 83100",N,hours

96,Gary Spears,400-56-0669,"04148 Gross Mountain Apt. 724
Lake Alyssaberg, TN 17786",N,hours

97,Emily Nelson,093-94-1706,"Unit 8831 Box 4140
DPO AP 86115",N,miles

98,Melissa Browning,537-26-1817,"19462 Melanie Crossroad Suite 569
South Frank, ME 25580",N,miles

99,Eric Gill,795-21-0310,"44892 Sanchez Common
Christinabury, DC 11243",N,miles

100,Martin Harvey,017-19-0755,"942 Stephen Inlet
Conleyberg, PA 07647",Y,hours

101,Jamie Estrada,378-14-7252,"2461 Rhonda Trail Suite 202
Lawrenceland, WV 39961",N,miles

102,Brittany Pena,381-65-0362,"Unit 1634 Box 8935
DPO AA 16362",Y,miles

103,Tara Reyes,202-60-6120,"2754 Holly Freeway
East Donna, ND 66085",Y,miles

104,Derek Owens,386-18-8922,"35914 Dominguez Village
Lake Michellebury, DC 94580",N,miles

105,Kimberly Hunter,115-35-4814,"PSC 2803, Box 1736
APO AA 45424",Y,hours

106,Jennifer Graves,223-93-6434,"40707 Miranda Crest
West Joseph, FM 53237",Y,miles

107,Louis Good,383-38-4457,"83363 Li Squares Apt. 643
West Jamesberg, AS 71435",Y,hours

108,Kathy West,756-24-4225,"93273 Wendy Streets
North Erik, IN 94812",Y,miles

109,Jessica Hoffman,587-73-0845,"0517 Forbes Valleys Suite 191
Lake Nathan, ME 00585",N,hours

110,Ethan Krueger,164-06-4015,"0729 Jackson Garden Suite 958
Port Shawnberg, FL 48299",Y,hours

111,Lauren Hicks,137-55-8413,"78827 Wright Ridges Apt. 400
Foxhaven, UT 15528",Y,miles

112,James Mason,783-15-0092,"140 Jennifer Alley Apt. 301
West Tammy, AS 96109",Y,miles

113,Mark Anderson MD,714-38-8683,"914 Robinson Harbors Suite 315
Lake James, MA 89966",Y,hours

114,Sheena Torres,478-22-6052,"1184 Jackson Run Apt. 070
Port Erin, MA 65082",N,hours

115,Alyssa Chavez,249-80-8906,"4558 Simmons Mall Suite 678
Michaelburgh, PW 89177",N,miles

116,Lisa Patrick,371-90-9578,"193 Cooper Circles
Nicoleland, WI 12416",Y,miles

117,Joshua Potter,346-26-3117,"0766 Rebekah Track Apt. 221
Ortizmouth, NM 58462",N,miles

118,Jeremy Davis,517-57-4305,"40100 Peterson Ramp Suite 390
Barbaraport, MP 77771",Y,hours

119,Jeremy Green,058-06-0444,"93150 Jared Prairie Suite 372
Johnberg, DC 32008",Y,hours

120,William James,158-43-7534,"034 Reed Crescent
Jamesview, OH 31377",N,hours

121,Michael Keith,828-59-3703,"85670 Shelton Squares
East Bruce, ND 31524",N,miles

122,Mikayla Bush,089-86-2793,"5818 Lopez Rapids Apt. 811
West Markmouth, MH 91257",N,miles

123,Scott Silva,668-63-8778,"3154 Erik Hill
Ryanbury, NE 72863",Y,miles

124,Steven Barnes,648-13-5534,"0234 Ramsey Tunnel Suite 201
Robinsonport, IN 98939",N,miles

125,Patrick Chang,318-14-5469,"42328 Bradley Greens Suite 387
South Gregoryport, IA 04710",N,miles

126,Tiffany Gonzalez,543-42-1309,"260 Bell Lock Apt. 641
East Austinborough, SC 94345",N,miles

127,Jessica Smith,200-99-9493,"USNV Harrison
FPO AP 90777",N,hours

128,Jake Sanchez,864-44-1062,"0333 Foster Fork
Brianfort, LA 47726",Y,miles

129,Gina Wright,723-13-3973,"139 Murphy Tunnel Apt. 156
Mccoychester, MT 54489",N,miles

130,James Blair,194-45-2922,"76551 Welch Stravenue Apt. 347
East Cheryl, GU 92833",Y,miles

131,Mr. Willie Wilson,806-01-5697,"5134 Heidi Ways Apt. 098
Virginiashire, AL 85248",Y,hours

132,Stacey Bush,160-87-4032,"PSC 2185, Box 2197
APO AA 47769",N,miles

133,Wendy Black,423-48-4415,"831 Joe Mills Suite 403
Antonioview, GA 77348",Y,miles

134,Makayla Fernandez,258-43-7441,"PSC 0963, Box 4164
APO AE 94596",Y,hours

135,Erin Grant,647-43-3540,"USS Rodriguez
FPO AP 31296",N,hours

136,William Charles,882-17-0538,"USCGC Ward
FPO AP 12861",Y,miles

137,Thomas Cooper,580-03-8599,"2248 George Burg
Leonchester, MA 73177",Y,hours

138,James James,789-39-9490,"83630 John Bypass
Pricemouth, MH 21817",N,miles

139,Steven Reese,704-56-4405,"USNS Murray
FPO AE 17052",Y,hours

140,Susan Chambers,534-13-7900,"3091 Emily Cape
New Kevinshire, WV 47265",N,miles

141,Lisa Martinez,078-98-5861,"986 Tyler Cape Apt. 391
Port Jeffreyview, NY 54640",N,miles

142,Angela May,602-24-0919,"6854 Pierce Squares
South Stephenside, AZ 11997",Y,miles

143,Michael Michael,769-66-4794,"51640 Crawford Bridge Apt. 519
East Valerie, DC 62065",N,miles

144,Charles Brooks,842-46-8459,"788 John Corners Apt. 061
New Chelseaside, UT 51475",N,miles

145,Sophia Rodriguez,889-81-5903,"890 Bradley Land
Nathanville, CT 87886",Y,hours

146,Robert Schmidt,756-83-0382,"41618 Lorraine Parkways Apt. 329
Delgadomouth, MP 72006",N,hours

147,Mary Johnson,663-94-0871,"94183 Bradley Stream Suite 581
Cassandraborough, HI 29772",Y,hours

148,Tyrone Mendoza,617-72-0335,"USCGC Price
FPO AP 50760",N,hours

149,Matthew Sawyer,553-16-8714,"3940 Stacy Stravenue
Port Justinfurt, NM 31245",Y,hours

150,Kimberly Carter,444-90-4898,"72984 Gregory Hollow Suite 041
New Jessicamouth, MD 27128",N,miles

151,Patricia Kennedy,267-29-2076,"6680 Catherine Estates
South Kimberly, CT 86259",N,miles

152,Andrew Figueroa,049-81-4525,"8739 Juarez Valley Apt. 549
Kimton, FM 49117",Y,miles

153,Sean Parker,574-02-8097,"276 Smith Village
West Jacobstad, ID 77437",Y,hours

154,Dr. Chase Thompson,541-94-4543,"674 Rios Extensions
North Annette, NV 05561",N,miles

155,Adam Walker,082-24-7745,"62969 Karen Haven
Port Kendramouth, PA 55287",Y,hours

156,James Maxwell,802-75-3109,"22713 Hall River
Port Thomas, ND 21221",Y,miles

157,Brandon Parker,718-36-9082,"367 Teresa Keys
Schwartzhaven, SC 34642",N,hours

158,Christopher Reed MD,819-89-6345,"1299 Pena Union
North Madeline, MO 61505",Y,miles

159,Lori Scott,817-25-9853,"69155 Debbie Drive
South Jason, VA 32497",Y,hours

160,Katie Parker,104-07-1323,"USS Dickerson
FPO AE 17675",Y,hours

161,David Becker,264-46-7320,"05955 Paul Canyon
Stevenview, AR 94370",N,miles

162,Kathryn Hill,490-13-2039,"1757 Kimberly Drive
Lake Reneetown, NM 27704",N,hours

163,Amber Dunn,516-23-9630,"3739 Jones Grove
Waltershaven, HI 41656",Y,hours

164,Joseph Mccarthy,501-13-5149,"Unit 5876 Box 7464
DPO AA 97350",Y,miles

165,Brittany Frey,695-95-7803,"92156 Mary Brook Suite 972
Paulborough, NM 04509",Y,hours

166,Gary Rhodes,588-28-0609,"0570 Eric Common
Sandraland, MA 25793",Y,hours

167,Holly Bowman,379-22-3621,"3166 Pamela Rest Suite 331
Johnathanberg, OR 29419",N,hours

168,Mary Carroll,398-90-0020,"486 Long Circles
Andrewhaven, MD 42174",N,miles

169,Catherine King,528-12-5217,"82050 Thomas Valleys Suite 752
Torresview, MP 84313",N,hours

170,Andrew Chapman MD,398-79-7403,"0701 Christina Port Suite 858
Port Michelle, HI 55863",N,miles

171,Angel Hamilton,468-49-5755,"19632 Morgan Neck
Loriville, DC 57985",N,hours

172,George Andrade,448-48-9923,"419 David Dam
Murphyberg, ND 93909",Y,miles

173,Joshua Barnes,135-61-6813,"6330 David Row Suite 503
South Jorge, WA 17826",Y,hours

174,Susan Ferrell,874-24-7840,"990 Angela Ports
East Joyce, KY 12804",N,miles

175,Wesley Long,555-77-2227,"3916 Brittany Pass Suite 127
Colonborough, SD 73531",N,hours

176,Brenda Walker,237-52-5302,"204 Jennifer Greens
Garnerburgh, MH 25781",Y,miles

177,John Thompson,469-17-2639,"32402 Tony Brook Apt. 482
New Sarafort, AS 39151",Y,hours

178,Kimberly Cochran,416-33-4568,"577 Fisher Glen Apt. 236
Powellshire, MD 42075",N,miles

179,Monica Johnston,082-90-5133,"244 Jones Parkways Suite 986
Dianaland, GU 81378",N,miles

180,Thomas Watkins,894-76-2035,"5349 Jeremiah Tunnel
Port Jennatown, RI 19606",Y,hours

181,Nancy Zimmerman,721-20-9782,"29369 Steven Forge Suite 885
East Annetteland, ND 79817",Y,miles

182,Katelyn Moss,106-33-4903,"396 Jessica Rest Apt. 029
Newtonside, PA 82695",N,miles

183,Keith Reyes,125-28-7293,"32298 Huber Views
South Nicole, NC 64168",Y,hours

184,Sandra Brown,857-19-2448,"6569 Bryant Burg Suite 328
East Laura, NH 73519",Y,miles

185,Kelsey Jones,138-70-3716,"2700 Patricia Trail Apt. 604
Sheilastad, VI 62795",N,hours

186,Jennifer Miller,752-35-8533,"82694 Teresa Common
Petersmouth, OK 54823",N,miles

187,Emily Carson,681-31-3709,"8183 West Lodge
Simmonsport, LA 82241",N,hours

188,Brad Ball,420-71-3139,"616 Anderson Garden Apt. 106
Valerieshire, VA 40782",N,miles

189,Emily Hodge,121-89-3548,"285 French Way Suite 206
Brittanyshire, OH 03456",Y,hours

190,Allen Lewis,565-84-5286,"021 Kellie Knoll Suite 322
North Katherineborough, MS 91689",Y,miles

191,Alicia Anderson,021-62-2864,"9143 Nicole Mission
Davidport, PW 45148",Y,hours

192,Dana Ferrell,051-94-7083,"Unit 0948 Box 2647
DPO AE 76134",N,hours

193,Stephanie Barrett,686-69-6246,"10812 Hernandez Ferry Suite 060
Port Billybury, NC 06210",N,miles

194,James Smith,724-09-9505,"05564 Sandra Expressway Suite 123
New Jackberg, ID 68876",Y,hours

195,Jorge Smith,143-60-8416,"39418 Elizabeth Terrace
Aliciatown, AL 73174",N,miles

196,Jacqueline Smith,495-73-7465,"971 Jackson Meadow Suite 220
Conniefort, KS 15270",N,miles

197,Martin Knight,388-10-1895,"Unit 0566 Box 3233
DPO AE 71922",N,hours

198,Jon Gray,051-54-3705,"439 Preston Trafficway Apt. 965
Lake Davidview, MT 17029",Y,miles

199,Darryl Stein,096-74-1717,"54652 Ashley Inlet
Loganland, LA 50012",N,hours

200,Mrs. Ashley Alvarado,334-63-3899,"28504 Becker Underpass
Harrismouth, TX 21823",Y,hours

201,Jacqueline Gray,841-18-4834,"6217 Kayla Ways Apt. 220
Albertmouth, GU 83185",Y,hours

202,Brianna Bowman,709-66-5933,"7241 Robert Landing
Clarkfurt, MD 22658",N,miles

203,Mary Mills,116-14-9371,"6733 Payne Fork Suite 742
Robertburgh, DE 68606",N,hours

204,Luis Black,482-05-0777,"02447 Hamilton Drive
East Kyle, MO 86748",Y,hours

205,Jamie Mendez,066-93-9814,"1325 Jamie Center
Johnsonport, DE 64614",Y,miles

206,Elizabeth Thomas,287-42-5928,"639 Brewer Burg Apt. 883
Floresville, MD 54316",N,hours

207,Jason Bryant,467-95-3385,"070 Morales Roads
Wilsonfort, MT 94823",N,hours

208,Nicholas Taylor,884-74-5137,"65108 Carter Pines Apt. 498
Payneburgh, MS 90784",Y,hours

209,Tammy Romero,234-42-6847,"820 Montoya Stravenue Apt. 442
Johnsonport, NE 08324",Y,miles

210,Yvette King,006-62-0669,"46538 Theresa Rue
Port Douglas, FM 75444",Y,miles

211,Tami Miller,649-41-3975,"53183 Mackenzie Lodge Apt. 214
South Maria, SD 26491",N,miles

212,Danielle Foster,375-74-5326,"PSC 1381, Box 5264
APO AA 79501",Y,miles

213,Patricia Jones,037-96-3287,"462 Peggy Circle
Rivasberg, WI 11140",N,hours

214,Kimberly Neal,486-85-6540,"032 Sean Meadow Suite 696
Lake Colin, GA 75950",Y,hours

215,Lisa Davis,707-05-9844,"516 Ryan Parkways Apt. 813
Port Sean, MA 31700",Y,miles

216,Heidi Davenport,540-81-1530,"60920 Ramos Trail Apt. 143
Freemanberg, IA 72520",N,hours

217,Emily Hinton,007-69-0162,"5862 Angela Shoals
East Joseberg, NM 18081",Y,miles

218,Matthew Khan,716-62-2838,"3017 Alexander Locks
East Marcus, SD 05382",N,hours

219,Dwayne Wilson,349-72-3105,"Unit 7382 Box 1039
DPO AE 03651",N,hours

220,Sandra Livingston,617-27-7639,"077 Hamilton Pines
Williamsfurt, PW 47423",N,miles

221,Jo Miller,458-59-9860,"265 Nicole Garden
North Thomas, RI 13406",N,hours

222,Aaron Conway,760-26-2842,"019 Page Loop
South Danielmouth, VI 14455",N,hours

223,Chad Mcdowell,840-25-7512,"490 Rivera Springs Suite 319
New Erik, ND 96889",N,hours

224,Jacob Walker,586-61-6405,"8390 Allen Point Apt. 573
Marieview, LA 08048",N,hours

225,Victor Nelson,182-26-0305,"599 Elizabeth Mills Suite 308
North Monica, MT 52620",N,hours

226,Larry Gomez,265-71-3692,"2810 Jenkins Drives Apt. 502
Port Darrenfurt, NE 33362",N,hours

227,Stephanie Nichols,715-08-6259,"718 Ryan Stravenue
South Justinfurt, NY 09961",N,miles

228,Hayden Wiggins,729-19-5055,"24492 Raymond Crest
Port Katiemouth, MT 10171",Y,hours

229,Christine Harrison,306-12-5655,"2393 Wendy Mill
Clarkstad, SC 32129",Y,hours

230,Debra Golden,837-37-5746,"321 Michael Forges Suite 183
West Brenda, NE 36465",N,hours

231,Katherine Young,882-84-5191,"12332 Smith Path Suite 911
Lake Daniel, AZ 84794",Y,hours

232,Amanda Moreno,106-12-8016,"086 Melanie Port
Jamesland, WI 65207",Y,miles

233,Tiffany Becker,142-26-9071,"1611 Katherine Mountains Suite 222
Port Brendamouth, MD 65917",N,miles

234,James Garrett,504-56-1400,"119 Tyler Shoal
Lake Aaron, PW 70056",N,hours

235,Nichole Hahn,184-22-6761,"3761 Kara Extensions
Jonesfort, MH 38938",N,hours

236,Dennis Hunt,604-77-5383,"07504 Wang Crescent
East Ricardoland, OH 15833",N,miles

237,Pamela Bailey,483-77-9421,"Unit 4374 Box 9766
DPO AP 77800",Y,miles

238,Luis Rodriguez,794-12-0527,"43567 Alexander Roads
Port Anna, MN 70698",Y,hours

239,Nancy Rush,070-83-9182,"3807 Derek Ferry
West Jasonborough, AS 56947",N,hours

240,Johnny Morales,802-14-1496,"2962 Tracey Forges Apt. 233
North Michael, NC 20409",Y,hours

241,Jennifer Luna,484-71-3924,"939 Micheal Park
Lucashaven, MO 37462",Y,miles

242,Megan Morris,441-89-4137,"355 Griffin Turnpike
East Jennifer, VT 33850",N,miles

243,Ronald Morris,299-05-6050,"97116 Amanda Dam
North Christopher, CA 47944",Y,hours

244,Daniel Kelly,602-48-1064,"498 Isaac Rue
North Tara, SC 00873",Y,hours

245,Dana Bennett,883-65-4602,"27816 Susan Dam Suite 895
Mooreburgh, FL 04043",Y,hours

246,Jennifer Mendoza,433-31-4704,"4581 Marshall Street
North Victoria, AL 29633",Y,miles

247,Albert Lin,044-67-0175,"1492 Billy Ford
North Josephland, FM 37998",N,hours

248,Thomas Rodriguez,024-50-9922,"094 Cheryl Groves
Christopherstad, NE 93377",N,miles

249,Michelle Ellis,438-92-8733,"321 Gillespie Divide
South Stephaniechester, VT 18867",Y,miles

250,Daniel Santiago,102-86-7653,"5618 Jane Flats
Kennethborough, NH 20459",Y,miles

251,Eric Casey,574-13-6100,"68634 Annette Prairie Apt. 950
Kaitlynberg, HI 41196",Y,hours

252,Samantha Bailey,632-83-6366,"USNV Garcia
FPO AP 22275",Y,miles

253,Douglas Ruiz,150-61-9721,"4590 Molly Rapid Suite 204
Castillochester, RI 29058",N,miles

254,Victor Quinn,038-73-8199,"PSC 2788, Box 4588
APO AA 43239",Y,hours

255,Jamie Cummings,573-96-0496,"3787 Walker Loaf
Palmerbury, OR 00815",N,hours

256,Mary Banks,492-26-6289,"845 Frederick Ridges
Tylertown, WI 22586",N,miles

257,Paula Brown,286-65-2349,"797 Nancy Highway Apt. 797
Laurafurt, WI 92581",N,miles

258,Anna Flores,414-52-7221,"3955 James Falls
Hensonchester, KS 20782",Y,miles

259,Jared Simmons,040-63-5955,"7241 Sophia Trace Apt. 458
Nicholsshire, VA 65589",Y,miles

260,Jaime Wilson,890-45-4479,"028 Armstrong Forges
North Richardmouth, NM 06615",N,miles

261,Andrew Patel,777-39-0730,"60212 Martinez Village
Port Jasonborough, SD 88884",Y,miles

262,Theodore Flores,650-79-4458,"Unit 3124 Box 2384
DPO AE 09759",Y,hours

263,Lynn Garcia,625-18-2405,"09404 Cervantes Stream
Port Ericaberg, ME 70641",N,miles

264,Monique Murphy,412-03-4859,"138 Campbell Cliff
Mallorymouth, AK 07769",N,hours

265,David Collins,284-18-0335,"04849 Anita Rapid
Lindsayshire, IL 36298",N,hours

266,Pamela Aguirre,756-58-9072,"8385 John Ramp Suite 396
Port Danielside, OH 82493",N,hours

267,Mary Johnson,322-43-2070,"3342 Thompson Ridge
Brandtstad, OH 00866",N,hours

268,Connie Cochran,548-76-7742,"933 Avery Union
Fosterberg, WI 55695",N,hours

269,Kristen Martinez,384-93-9969,"PSC 1785, Box 7416
APO AE 94895",Y,miles

270,Carol Simmons,085-29-8748,"USS Fowler
FPO AA 46046",N,miles

271,Whitney Hill,252-45-5697,"967 Alexis Greens Apt. 787
Williamstad, GA 48916",Y,hours

272,William Baldwin,319-35-5043,"Unit 3981 Box 2713
DPO AP 06142",Y,hours

273,Kyle Moyer MD,411-56-0699,"38754 Banks Curve Suite 137
Paulport, MA 08557",N,hours

274,Erin Allen,875-41-8914,"9481 Quinn Ridge Suite 348
East Geraldshire, AZ 19776",N,miles

275,Kevin Smith,890-04-2740,"6581 Hubbard Greens Suite 341
North Adam, CT 64056",N,hours

276,Loretta Schwartz,322-83-7157,"095 Thomas Circle Apt. 541
Benjaminside, SD 75252",Y,miles

277,Christina Torres,159-02-0843,"USNS Bullock
FPO AE 38960",N,miles

278,Jennifer Hughes,473-02-3553,"7456 Susan Isle
New Patricia, OH 74618",Y,hours

279,Monica Blake,396-93-1548,"USS Solomon
FPO AA 06147",Y,miles

280,Suzanne Lopez,594-81-4673,"053 Cynthia Trail Suite 087
Lake Dianastad, LA 56788",N,miles

281,Mckenzie Vazquez,824-71-5229,"PSC 2863, Box 5273
APO AP 46727",Y,hours

282,Alexandra Bautista,154-75-9098,"52797 Jesse Trail
Mortonshire, WV 67045",Y,miles

283,Tasha Nguyen,347-17-9361,"798 Adkins Rapids Suite 475
Boonebury, WA 16295",Y,hours

284,Anthony Lambert,459-73-8564,"58024 Norma Drive Suite 693
Brownchester, VT 36376",Y,hours

285,Linda Soto,767-10-2856,"2517 Robert Via
Lake Larry, TX 07013",Y,hours

286,Dr. Lindsey Garcia,548-25-0360,"338 William Prairie
Keithmouth, MD 13281",Y,hours

287,Anthony Martin,565-53-0998,"PSC 7103, Box 2206
APO AA 85084",Y,hours

288,Sara Peterson,277-43-8419,"1127 Virginia Crescent
New Andrewland, IL 56317",N,hours

289,Kimberly Walker,575-55-4413,"8569 James Ports
Port Davidborough, NV 84330",Y,hours

290,Zachary Henderson,660-15-8519,"2506 Colin Trace Apt. 749
South Kenneth, CO 47377",Y,hours

291,Michael Gray,602-14-8184,"1680 Roberts Cliff
Kaylamouth, TN 34506",Y,miles

292,Megan Carter,480-21-1025,"408 Tracy Forges Suite 045
Kevinfurt, WA 83425",Y,miles

293,William Carroll,306-64-0056,"847 Smith Lodge Suite 125
New Markstad, SC 62133",Y,hours

294,Michelle Jones,015-28-2491,"0319 Williams Stravenue
New Beverly, HI 01108",N,hours

295,Linda Burch,699-15-9958,"004 Elizabeth Row Apt. 552
Colleenburgh, IA 65121",N,miles

296,Deborah Garcia,735-05-1016,"4466 Frank Way
Feliciachester, PR 95319",N,miles

297,Brooke Smith,354-17-8585,"26827 Joseph Knolls
Mollymouth, DE 87187",N,hours

298,Amanda Meyer,718-35-4993,"52147 Anderson Extension
North Mary, FL 50700",N,hours

299,Matthew Gonzalez,714-64-0025,"8195 Carmen Fields Apt. 123
Gonzalesburgh, ME 73080",N,hours

300,Briana Clark,284-76-3642,"68853 Jeremiah Inlet Apt. 954
West Amandamouth, PA 05592",Y,hours

301,Olivia Wilson,010-86-2590,"Unit 7548 Box 7847
DPO AE 33165",Y,miles

302,Christopher Rodriguez,452-70-1285,"37552 Christina Meadow
Amyport, IL 52467",Y,hours

303,Stephen Hernandez,592-20-7342,"66288 Gonzalez Orchard
South Marcushaven, UT 09753",Y,miles

304,Anthony Love,638-29-8510,"47762 Olivia Shoal
Lake Andrewland, ID 06545",N,miles

305,Kirsten Wiggins,288-37-0098,"091 Trevor Glens
Port Elizabeth, KY 82740",N,miles

306,Beth Davis,130-99-5512,"24594 Hull Course Apt. 518
Shannonberg, MN 13239",N,miles

307,Mary Martinez,302-45-2897,"67906 James Forest
Johnsonville, MI 47365",N,hours

308,Jennifer Moore,201-67-6753,"Unit 9997 Box 0826
DPO AP 35632",Y,hours

309,Tommy Duke,654-65-7263,"606 English Port Apt. 059
North Christina, CA 95237",N,hours

310,Jessica Gibson PhD,875-58-8315,"938 Taylor Island
Brownview, AL 23981",N,hours

311,Nicholas Sims,889-24-9759,"8845 Jason Mills
Christopherhaven, CO 60955",N,miles

312,Wesley Ray,741-21-8158,"810 Anthony Rest Apt. 306
East Walterfurt, FM 86413",Y,miles

313,Patricia Odom,457-70-4268,"3549 Katelyn Drive
South Derrickchester, KY 84099",Y,hours

314,Justin Jordan,051-90-0083,"0905 Deborah Fork Apt. 674
Alexandertown, NH 93152",Y,hours

315,Evan Patel,860-71-5565,"6680 Campbell Camp
Taylorview, SC 86983",Y,hours

316,Jeremy Rojas,216-16-3941,"5540 Martin Turnpike Suite 633
Gregoryville, AS 49722",Y,hours

317,Justin Horton,221-21-6977,"37626 Kayla Island Suite 054
West Scottfurt, PR 19749",N,hours

318,Loretta Carr,737-12-6421,"570 Destiny Drives Suite 695
Mcclureville, OR 87220",N,hours

319,John Frazier,766-57-2762,"4540 Jenna Mount Apt. 515
Joneston, MP 03888",Y,miles

320,Laura Hart,760-14-6994,"045 Strickland Loop Suite 648
Ashleyside, NV 63152",Y,miles

321,Margaret Tanner,532-73-0129,"7384 Gonzalez Plain Suite 750
New Shannon, TN 14874",N,miles

322,Anthony Flynn,587-08-6733,"8195 Kathryn Via
West Paula, GU 88318",Y,miles

323,Krystal Rivas,135-24-3829,"PSC 4066, Box 0707
APO AA 31328",Y,miles

324,Allison Terry,635-27-1384,"6904 Samantha Street Suite 104
Lake Chelsealand, MD 07323",Y,miles

325,Jenna Briggs,399-05-5302,"966 Horton Rapid
Williamhaven, IA 31126",Y,hours

326,Christopher Smith,005-57-1464,"060 Gonzalez Drives
Lake Antonio, LA 84730",Y,hours

327,Amanda Reed,547-02-0531,"2147 Lopez Fork
Jessicaburgh, SC 70042",N,miles

328,John Thompson,663-91-9526,"596 Freeman Harbors
Foxhaven, KY 58108",N,hours

329,Gwendolyn Joseph,692-01-7771,"2842 Webb Groves Apt. 894
New Peterport, PA 14144",N,miles

330,Jacob Smith,579-83-7602,"3272 Jonathon Ranch Suite 346
Chelsealand, AK 95669",Y,hours

331,Kenneth Thomas,481-73-2704,"263 Miranda Lights
Lake William, IN 86212",Y,miles

332,Heidi Griffin,859-80-2754,"USS Summers
FPO AE 42106",N,hours

333,Terry Smith,471-30-4273,"340 Nicholas Mountain
Taylorfurt, VA 63070",N,miles

334,Kimberly Taylor,044-39-8477,"9885 Salazar Villages Suite 907
New Patricia, IL 53982",Y,hours

335,Steven Lowe,729-35-4152,"USCGC Duncan
FPO AP 02386",N,hours

336,Damon Ross,834-19-1951,"77365 Gwendolyn Via
Brownland, AR 11832",N,hours

337,Jasmine Warren,827-50-5007,"5504 Rangel Mission
Jadeview, IA 90465",N,hours

338,Amy Torres,089-30-9112,"8836 Becky Village
West Marcusborough, IL 11163",Y,hours

339,Linda Rodriguez,021-27-1119,"138 Williams Falls Apt. 099
Adamtown, WI 77605",N,miles

340,Sandra Hansen,774-40-2028,"718 Holly Expressway Suite 711
Hallshire, AL 10889",N,hours

341,Donald Lee,280-49-2053,"15483 Brown Lock Apt. 751
Lisaland, OR 16268",Y,miles

342,James Roberts,337-52-6075,"828 Fox Rest Suite 590
New Johnnychester, PA 69114",N,miles

343,Jill Davies,183-36-3973,"848 Sanchez Junctions Suite 545
Sanchezside, CA 38434",N,hours

344,Eric Gutierrez,470-09-3830,"9902 Brian Knoll Suite 965
Lake Carolyn, VA 08687",Y,hours

345,Jennifer Brown,650-39-9495,"52974 Mejia Drives Suite 385
Garyville, TN 51375",Y,miles

346,Heather Clark,151-39-9370,"10229 Jason Rapid Apt. 229
East Karentown, WI 64883",Y,miles

347,Dustin Guzman,390-31-4204,"741 Javier Vista
Jordanchester, NV 84351",N,miles

348,Alyssa Foster,441-45-3394,"090 Brandon Camp Suite 262
West John, WI 64950",Y,miles

349,Mary Lewis,423-79-0564,"36714 Hebert Villages
New Samanthaborough, AK 95212",N,hours

350,Lynn Fitzgerald,110-23-4141,"357 Brown Alley Apt. 022
Tinaside, CO 59283",Y,hours

351,Deborah Kelly,597-17-1198,"401 Johnson Village
New Christina, IN 57690",Y,miles

352,Taylor Farley,330-92-6868,"434 David Branch Suite 497
Bethanyburgh, IL 32917",N,miles

353,Melody Coleman,080-24-6020,"67871 Berger Crescent Apt. 896
Port Josephport, NH 83805",Y,miles

354,Michael Aguilar,641-79-9737,"66229 Gordon Manors Suite 955
North Susan, FL 55733",Y,hours

355,Isaac Newton,557-01-4940,"627 Sharon Islands
Lake Alexander, FL 95047",Y,miles

356,Christopher Chavez,520-47-0409,"427 Jeffery Centers
Lake Scottburgh, NV 42838",Y,hours

357,Michael Scott,108-98-3435,"69856 Carter Mountains
Isaiahton, NV 74916",Y,miles

358,Gregory Wang,334-69-5882,"754 Nancy Street Apt. 294
New Lisa, KS 03480",N,miles

359,Donald Marks,297-93-6898,"USNS Rodriguez
FPO AP 25241",N,hours

360,Karen Hooper,877-98-1385,"USCGC Harmon
FPO AP 61193",Y,hours

361,Anthony Andrade,349-92-0848,"91092 Allen Trace
Frankchester, MP 36239",N,miles

362,Amber Hodges,767-73-3174,"9451 Anderson Courts Apt. 408
Serranomouth, VA 90646",N,hours

363,Patricia Cole,889-60-9345,"736 David Mountains Suite 047
Garrettbury, KS 52920",N,hours

364,Karen Patterson,703-05-4115,"6512 Dean Keys
Cynthiaville, GU 18677",N,hours

365,Michael Wright,170-75-8256,"00026 Ryan Flat Suite 121
Port Haroldfurt, NV 33251",Y,miles

366,Matthew Mcneil,290-81-4979,"035 Stephanie Forks Apt. 964
West Paulmouth, CT 12855",Y,miles

367,Jason Bell,818-62-8455,"PSC 8310, Box 6975
APO AA 42380",Y,miles

368,Loretta Nelson,435-49-5719,"361 Rebecca Pass Suite 432
Powellland, LA 73296",Y,miles

369,Diane Oliver,359-87-7749,"09664 Robert Motorway Suite 232
Leeville, NM 60333",Y,hours

370,Renee Rios,041-88-4843,"31180 Douglas Spur
New Kimberly, OK 96604",Y,miles

371,Jason Gonzalez,849-25-0559,"2925 Scott Trail Suite 328
New Steven, DC 93986",N,hours

372,Victor Bell,259-34-0622,"837 Michael Path
New David, NM 68949",N,hours

373,Edward Blankenship,679-97-8705,"46857 Riley Island Suite 935
New Frankborough, NM 47630",Y,hours

374,Jodi Martinez,071-46-0364,"9554 Hartman Camp
Pruittbury, NC 46807",N,hours

375,Benjamin Miller,241-77-9648,"560 Newton Harbors Suite 086
East Chadborough, FM 87884",N,hours

376,Allison Washington,168-54-5638,"821 Arnold Loaf Suite 736
Brownshire, GA 15455",Y,miles

377,Karen Moore,568-71-6105,"63966 Stone Mountains Apt. 393
West Allen, GA 81638",N,hours

378,Sandra Herman,619-70-5149,"9456 Mclaughlin Throughway
North Donaldton, IA 28790",Y,hours

379,Sharon Leblanc,631-35-2227,"45202 Lori Hollow
New Nicolas, MI 56345",N,miles

380,Sarah Santiago,179-88-9372,"38077 Smith Springs
Lake Stephaniemouth, WY 12330",Y,miles

381,Whitney White,550-92-0265,"57537 Bradley Brook Suite 223
Willisshire, MP 58107",N,hours

382,Carmen Clark,477-90-5255,"253 Graham Glens
East Sarah, ID 55673",Y,miles

383,Joseph Fisher,640-49-8164,"804 Deleon Grove Suite 744
South Donnatown, MS 15747",Y,miles

384,Zachary Andersen,507-64-0679,"0484 Macdonald Rapid Apt. 643
New Allen, SC 57820",N,miles

385,Suzanne Caldwell,580-94-6830,"587 Tiffany Circles
South Jonathan, AR 27456",N,miles

386,Tiffany Beltran,176-80-2329,"1820 Ferguson Mission
Barajasmouth, ID 96672",Y,hours

387,Anne Carter,703-28-7549,"4593 Walker Forges Suite 732
East Valerieberg, GA 49545",Y,miles

388,Debra Nelson,361-02-6885,"827 Dean Stream
South Ritaview, WV 15561",N,hours

389,Bridget Coleman,628-03-0046,"61033 Rogers Radial
Collierville, MA 70047",Y,miles

390,Eric Smith,587-69-0173,"1371 Benjamin Trail Apt. 606
Hintonfurt, MD 73461",Y,hours

391,Tyler Carroll,843-58-0131,"Unit 9418 Box 3710
DPO AP 64423",N,miles

392,Jeffrey Schmitt,275-98-0044,"3363 Haynes Brooks Apt. 269
Lake Dennis, UT 94861",Y,hours

393,Megan Cunningham,160-61-2784,"382 Fernandez Stravenue Apt. 811
South Lauren, IN 92578",N,miles

394,Ryan Holloway,029-47-8028,"47106 Ashley Trafficway Apt. 493
Kennedyberg, GA 92440",N,miles

395,Michael Yang,473-79-9973,"Unit 9735 Box 2492
DPO AA 45948",Y,miles

396,Curtis Lowe,609-66-7759,"0551 Holland Station
Samanthastad, OH 46648",Y,miles

397,Nathan Briggs,145-33-0026,"0158 Tran Ridges
New Shane, WY 72828",Y,hours

398,Ian Powell,101-08-6549,"086 Smith Pines
Acostaburgh, FL 40850",Y,miles

399,Jennifer Palmer,693-69-1649,"731 Whitney Rapid
West Brittanytown, PR 27812",N,miles

400,Theresa Gonzalez,516-32-4667,"5183 Tate Highway
Dennishaven, VT 02291",N,miles

401,Brandon Bernard,416-48-8620,"903 Le Corner Suite 775
New Jaystad, AR 44414",Y,miles

402,Heather Wilson,450-82-7540,"Unit 1726 Box 9365
DPO AA 76464",Y,miles

403,Wayne Caldwell,870-86-7657,"0615 Jose Crescent Apt. 503
South Vincentborough, VI 76125",Y,miles

404,Samantha Jackson,875-80-2148,"6761 Colleen Islands
Laurabury, ID 25491",N,hours

405,Justin Fitzgerald,628-44-2680,"6184 Wolf Square Apt. 182
Port Timothyside, DC 22512",Y,hours

406,Debra Harmon,143-46-1879,"59124 Shelby Rue Apt. 653
Hernandezmouth, KS 44486",N,hours

407,Stefanie Ellis,884-46-0079,"750 Johnny Prairie
Blackstad, AL 41567",Y,miles

408,Willie Bryant,857-92-4677,"87621 Burns Roads
Jessicaland, CT 23722",N,miles

409,Donald Wallace,808-35-3489,"3156 Roberts Roads Apt. 505
West Jessica, PA 73941",Y,miles

410,Jason Wilson,389-87-6512,"4705 Sharon Ridges Apt. 289
Angelicafurt, FM 61392",Y,miles

411,John Little,870-83-2342,"5871 Fields Stravenue Apt. 596
Noahhaven, CT 16546",N,miles

412,Jerry Frost,233-45-7626,"9915 Samantha Park Apt. 053
North Madelinetown, AK 75855",N,miles

413,Donna Moore,681-96-4164,"618 Bailey Ranch Suite 843
Millermouth, VI 71300",N,hours

414,Derrick Cardenas,714-53-1790,"6226 Bryan Isle Suite 047
Kimport, DE 42708",N,hours

415,Robin Flores,301-12-3463,"18282 Savannah Highway Suite 017
Lake Lorraine, PW 10585",Y,hours

416,Amy Anderson,844-91-1654,"4362 Jacob Expressway
Freemanton, NV 81700",N,hours

417,Meagan Morgan,582-05-9817,"781 Jacqueline Hills Apt. 694
South Michaelmouth, PW 92021",Y,hours

418,Joanna Johnson,759-78-3534,"653 Victor Squares
West Michelle, FM 19157",Y,hours

419,Matthew Powell,292-65-4582,"938 Katrina Springs
Port Danielleshire, VT 95236",N,miles

420,Kathryn Dominguez,694-98-2035,"9743 Emily Spurs
East Andrewmouth, KS 93318",Y,miles

421,Ashley Sanchez,711-92-9230,"3202 Kristen Pass Apt. 489
Jamestown, DE 83705",N,hours

422,Tara Lewis,682-30-2058,"074 Connor Drive Apt. 632
Jessicaview, IA 08708",N,hours

423,Joshua Meyer,330-62-9840,"10713 Wyatt Ramp
Churchbury, AS 92707",Y,miles

424,Patricia Garcia,251-08-9642,"4070 Stevens Plains Apt. 077
New Emilyfort, IA 70960",Y,miles

425,Brent Klein,506-41-8465,"26662 Jesus Ranch
Edwinton, HI 77415",Y,miles

426,Christina Carroll,353-28-1980,"1946 Johnson Plaza Apt. 660
North Tiffany, MA 02217",N,hours

427,Jennifer Brown,213-82-1538,"382 Young Falls
Jonathanview, MD 49305",Y,miles

428,Sarah Wong,437-81-4225,"USNV Morgan
FPO AE 69534",Y,miles

429,Robert Johnson,163-24-8856,"2938 Michele Inlet
Jamesland, AS 85396",Y,miles

430,Jonathan Davidson,211-21-9340,"9088 Tiffany Vista Suite 986
East Yvetteport, DE 07537",N,hours

431,Mason Saunders,802-90-8008,"926 Kaitlin Road Apt. 814
Port Alyssafurt, PA 49789",Y,miles

432,Julie Fuller,179-03-4236,"74965 Scott Lodge Suite 634
Dayhaven, DC 84608",N,miles

433,Keith Green,511-89-9370,"8643 Jenkins Street
Smithfort, WV 83739",Y,miles

434,Michael Costa,572-64-4339,"907 Thomas Hollow Apt. 674
Laurenchester, WV 21666",Y,hours

435,Dustin Mendoza,368-57-0845,"PSC 9731, Box 9024
APO AA 18989",Y,miles

436,Gina Simon,767-07-5847,"98223 Fletcher Tunnel Apt. 150
Sanchezport, FL 22787",Y,hours

437,Donna Jones,584-05-3366,"2353 Travis Road
Perezville, OK 50077",N,miles

438,Jacob Brown,049-50-6176,"1970 Natalie Street
Bradshawville, NM 85467",Y,miles

439,Erika Johns,093-83-9848,"95507 Wallace Turnpike Apt. 442
Tinaburgh, AR 91567",Y,hours

440,Daniel Weaver,025-31-5514,"0078 Gross Flat
North Eric, PW 48460",Y,hours

441,Michael Perez,221-46-4812,"278 Mitchell Shore Suite 272
Patriciaport, SC 94811",N,hours

442,Julie Jones,433-52-7137,"041 Morris Pines Apt. 087
Port Sherryside, CT 63466",Y,hours

443,Susan Thornton,561-45-9908,"2176 Pham Squares Apt. 812
South Misty, OK 89299",Y,miles

444,Nathan Clark,439-37-9599,"USCGC Hines
FPO AP 50245",Y,hours

445,Donald Fuller,169-29-7781,"07441 Natalie Roads Suite 080
Davidfort, NE 34377",N,miles

446,Sylvia Lee,787-23-5082,"091 Amber Forks
Parkerbury, TN 40303",N,miles

447,Jacob Mcconnell,229-20-4859,"544 Boyd Rest Suite 204
Davidstad, SC 18335",Y,miles

448,Gregory Morales,476-92-8386,"5864 Wyatt Mill
Port Lauren, MN 04628",Y,miles

449,Carla Mccoy,310-97-2004,"563 Villa Circle Suite 708
Nicholaschester, DC 86690",Y,hours

450,Jeffrey Parker,694-40-4423,"923 Hannah Orchard
North Zachary, WV 13960",Y,miles

451,Joseph Haynes,112-42-4075,"813 Mark Lane
Michaelview, TX 27400",Y,miles

452,Michael Barton,018-20-7469,"34835 Davis Falls
Millsview, GA 14694",N,hours

453,Sean Chapman,434-85-3378,"154 Guzman Locks
North Gregory, TN 05544",N,miles

454,Anthony Walker,294-80-6581,"982 James Lane Apt. 739
New Joshuastad, PR 12768",N,hours

455,Donna Hughes,397-06-5948,"975 Perez Place
Rebekahbury, GA 98500",Y,miles

456,Carol Lewis,494-41-5408,"PSC 6640, Box 9719
APO AE 21299",N,miles

457,Courtney Warren,530-61-5438,"812 Mary Squares
New John, AZ 80000",Y,hours

458,Walter Trujillo,282-71-8606,"589 Green Tunnel
Port Hollyhaven, PW 85940",Y,hours

459,Victoria Newman,897-55-7356,"6157 Duran Canyon Suite 571
Krystalhaven, SC 68346",Y,miles

460,Teresa Bowman,181-09-3138,"22084 Sellers Summit
North Samanthaview, VT 24611",N,miles

461,Sarah Lewis,370-85-5756,"PSC 1262, Box 7928
APO AA 36093",N,miles

462,Joshua Ramirez,316-02-5625,"PSC 2353, Box 7375
APO AE 10509",N,hours

463,Benjamin Lawrence,295-04-9828,"10449 Joshua Overpass Suite 802
Cunninghamside, LA 65869",N,miles

464,Lisa Fox,532-31-2049,"401 Veronica Fork Apt. 888
West Deannaland, WI 64265",N,hours

465,Angela Smith,556-31-8086,"3339 Martin Plains
West Sally, ID 89538",Y,hours

466,Alexander Jones,457-55-8435,"Unit 5162 Box 2609
DPO AP 14369",Y,hours

467,John Blackwell,004-53-4754,"8269 Johnson Drive
Michaeltown, MS 63973",Y,hours

468,Perry Thomas,024-63-5899,"09946 Sutton Cliff
Choistad, WI 86403",Y,miles

469,Christopher Mccann,279-85-1930,"731 Angela Tunnel Apt. 668
Leeport, SD 19007",N,miles

470,Mr. Dustin Stanton,315-16-3451,"3728 Petersen Flat
North Travisside, MD 01075",N,hours

471,Anne Miller,647-79-1132,"16790 Jennifer Loop
Pamelaside, MH 42140",Y,hours

472,Michelle Mendoza,109-88-9791,"7490 Norton Knoll Apt. 230
North Timothy, AZ 17313",Y,miles

473,Steven Jenkins,344-76-4683,"5355 Kaylee Shoals
North Samanthaview, UT 31541",N,miles

474,Kevin Reyes,174-25-9996,"97867 Teresa Squares
North Joseph, CA 21834",N,miles

475,Kayla Marshall,615-63-1440,"441 Jones Junctions Apt. 615
Kingview, MD 23957",N,miles

476,Billy Wall,697-97-4161,"070 Tammy Pines Apt. 039
Thomasport, MD 78035",Y,hours

477,Robert Ford,403-71-5034,"69912 Montes Squares Suite 722
Jimenezview, IN 40488",N,miles

478,George Alexander,304-28-6722,"3644 Albert Mountain
West Brucebury, WI 27592",N,hours

479,Jesse Ochoa,352-72-9700,"93223 Steven Ferry
Danielleside, WY 49092",N,hours

480,Karen Simon,779-52-7594,"35500 Robert Walk Suite 027
Dillonborough, MH 92621",N,hours

481,William Winters,244-58-2979,"1209 Villegas Plain
Collinsview, PR 79210",N,hours

482,Chloe Meyer,299-56-7090,"451 Martinez Ports Apt. 607
North Connorhaven, LA 25341",Y,miles

483,Kendra Blanchard,689-85-4831,"0706 Rios Mountain Suite 293
North Calvinview, SC 83972",Y,hours

484,Alec Brown,544-60-6231,"40820 Richard Path Apt. 795
Port Allen, MS 91714",N,hours

485,Michael George,840-28-3560,"7367 Nicole Ways
New Jasmineshire, OR 23964",N,miles

486,William Wood,725-71-7103,"3085 Warren Heights
South Nicole, NC 43894",N,miles

487,Joe Chambers,500-37-5996,"494 Wilkerson Viaduct
Port Ronaldborough, KY 00763",N,miles

488,Amanda Nelson DDS,270-23-1480,"97343 Tran Vista Suite 403
North Sheila, AK 17229",N,miles

489,Eric Goodwin,856-62-6793,"7860 Welch Drive
New Deborah, AZ 38883",N,miles

490,Edward Bryan,430-37-7067,"USNS Stevens
FPO AA 39619",Y,hours

491,Mark Haney,171-43-3222,"2359 Sarah Streets Suite 268
Angelburgh, FM 80089",N,hours

492,Andrea Montgomery,804-82-9840,"4193 Daniel Road
Jeremyton, ME 79117",Y,miles

493,Dr. Sheila Nguyen,190-27-4347,"809 Hampton Stream Apt. 114
North Sue, GU 41961",Y,miles

494,Walter Hooper,835-76-6851,"USCGC Mccullough
FPO AP 99836",N,hours

495,Kathleen Pittman,839-57-8427,"57715 David Crossroad
Karenburgh, PA 88810",Y,hours

496,Robert Turner,527-22-6032,"82746 Mark Plains Apt. 830
Shepherdtown, WY 12482",N,hours

497,Lisa Olsen,899-82-8008,"615 Michael Junctions Apt. 564
East Emilychester, VT 16118",Y,hours

498,Heather Morgan,040-41-8843,"027 Ashley Greens
Lake Ashley, ME 69194",N,miles

499,Dennis Barnes,729-44-8424,"41152 Velasquez Crest
New Brian, AK 86012",N,hours

500,Michael Long,231-24-2003,"PSC 8144, Box 6678
APO AA 95795",Y,hours

501,Ronald Mitchell,878-19-0582,"9400 Hall Dale Apt. 728
New Derrick, ID 82838",Y,hours

502,Shelby Pennington,864-14-5623,"0919 Thomas Stravenue Suite 631
Garciaton, CA 33420",N,hours

503,Julie Winters,750-69-4107,"36198 Gregory Course
Fitzgeraldtown, LA 49112",N,hours

504,Morgan Villarreal,645-14-4836,"110 Connie View Suite 664
North Andrea, OR 94864",N,miles

505,Sarah Mills,292-56-0347,"5927 Ricky Fort
Thompsonhaven, NC 61702",N,miles

506,Hannah Berger,281-07-1288,"76285 Gabrielle Lakes
South Robert, SD 51159",N,hours

507,Logan Kirk,818-82-4089,"43660 Pineda Overpass Apt. 653
Luishaven, VA 12180",Y,hours

508,Sarah Howell,788-09-8773,"65620 Michele Field
South Kristina, IA 57911",Y,hours

509,Danny Sandoval,226-25-9875,"81345 Kristopher Square
West Shanetown, UT 42743",Y,miles

510,Ruth Johnson,306-78-9270,"168 Wyatt Pine
Lake Michael, KS 67222",N,miles

511,Christy Pierce,839-44-6366,"PSC 5027, Box 9122
APO AA 72743",Y,hours

512,Kenneth Smith,005-85-5777,"USCGC Ramirez
FPO AE 01154",N,hours

513,Joan Harris,864-70-1253,"Unit 9046 Box 6130
DPO AA 21924",N,hours

514,John Yates MD,090-54-2082,"503 Gwendolyn Hills Suite 533
Parkerberg, MH 65364",Y,hours

515,Cassie Estes,492-27-8068,"60416 Mason Manors Apt. 635
Annafort, WI 21791",Y,hours

516,Tracy Gay,437-79-8176,"1789 Erika Forks Suite 754
Gregoryburgh, WA 62381",N,miles

517,Brian Stewart,450-89-7135,"65800 Alisha Circle Suite 377
South Kristin, DE 62496",Y,hours

518,Michael Cohen,562-43-9252,"056 John Lodge Apt. 967
Alisonburgh, IL 00627",N,miles

519,Ann Torres,491-13-6174,"39107 Chelsea Port
Stephenview, WY 09523",Y,hours

520,David Johnson,897-70-6611,"0619 Moore Ports
Williamsborough, LA 71828",Y,miles

521,James Oconnor,073-82-4733,"861 Moon Valleys Apt. 556
New Lorichester, OR 58593",Y,miles

522,Matthew Anderson,421-91-9827,"317 Kerr Mountain Suite 807
Jonesburgh, NM 30708",Y,miles

523,Dustin Martinez,281-88-2460,"3632 Kevin Station
North Williamland, IA 39251",Y,miles

524,Gary Ellis,878-36-8842,"4731 Timothy Loaf Suite 484
South Alexismouth, VA 79326",N,miles

525,Dustin Medina,318-01-4594,"USS Carter
FPO AP 52100",N,miles

526,Robert Gonzalez,866-48-4190,"042 Brittany Dale Suite 668
Michaelfurt, ME 78111",Y,hours

527,Julie Keith,025-27-7854,"5798 Jennifer Dam
Greentown, DC 45565",Y,hours

528,Patrick Trujillo,667-54-6761,"9658 Ochoa Squares
New Richardfort, WI 74228",N,hours

529,Peter Wallace,396-54-9876,"Unit 5455 Box 5587
DPO AA 09120",Y,miles

530,Eric Patel,205-90-1853,"1559 Matthew Points
Brucehaven, IA 76850",N,miles

531,Travis Carpenter,120-02-6227,"Unit 6878 Box 9118
DPO AA 29946",Y,hours

532,Jennifer Mccoy,468-04-8390,"73523 Patrick Knoll Apt. 863
South Michelle, LA 26520",Y,miles

533,Alexa Maldonado,570-58-9920,"58784 Dean Oval
East Bianca, MS 58904",N,miles

534,Jennifer Brown,883-16-2138,"601 Maria Divide
Port Kathleenhaven, TX 03848",Y,hours

535,Andrew Webb,419-23-4708,"556 Sarah Route
South Vickie, KY 77665",Y,hours

536,Dorothy Gay,827-75-1423,"02853 Vincent Mall Suite 596
Port Johntown, CT 16756",N,hours

537,Stephanie Hawkins,719-65-0153,"608 Kim Courts Apt. 918
Lake Garrettview, FM 42313",N,miles

538,Jared Vargas,362-90-6309,"12826 Hart Ferry Apt. 976
Leonardside, MI 93716",N,miles

539,Gregory Jordan,754-58-0662,"204 Juan Mission Apt. 860
Ralphside, FL 45858",Y,miles

540,Ashley Hall,423-49-5922,"58696 Eduardo Point Apt. 894
Garciaburgh, VT 15332",N,hours

541,William Skinner DVM,045-10-3199,"244 Osborn Overpass
Loriburgh, VI 15300",N,miles

542,Mr. Edward Faulkner,329-87-3516,"09068 Vanessa Port Suite 567
Edwardsbury, NJ 23054",Y,hours

543,Larry Armstrong,194-62-7998,"0208 Thomas Cape
East Bryce, VT 96306",Y,hours

544,Ashley Smith,043-06-7055,"166 Thomas Skyway Apt. 846
Port Jessicaside, DE 95452",Y,miles

545,Jonathan Scott,810-72-7678,"1404 Petty Mission
New Hailey, KS 15019",N,hours

546,Linda Schmidt,346-19-2254,"76146 Martha Isle Apt. 247
Rowestad, VA 01054",N,hours

547,Brian Vincent,224-31-2144,"99889 David Station
North Cheryl, ME 47201",N,miles

548,Jessica Anderson,071-81-1504,"9168 Vega Light
Lake Connieville, TN 48200",N,miles

549,Tyler Nguyen MD,782-19-0092,"7714 Holly Shoal
Duncanmouth, TN 41308",Y,hours

550,Tyler Hill,641-25-6848,"7624 Desiree Station
Port Robertport, MO 20773",N,miles

551,Carolyn Johnson,753-96-9947,"919 Elizabeth Mountains Suite 616
Brownstad, ID 26132",Y,miles

552,Jeffrey Lee,277-39-8635,"3517 Walker Fort
Lake Annaborough, MI 21036",Y,hours

553,Richard Phillips,500-03-2776,"474 Thomas Hill Apt. 776
Lake Claudia, PW 46105",N,miles

554,Mark Zimmerman,312-57-3046,"USCGC Alvarez
FPO AE 64938",Y,miles

555,Alexis Woods,639-86-1977,"7149 Christian Squares Apt. 678
East Carolshire, WA 63893",N,miles

556,Brooke Melendez,533-38-5266,"942 Danielle Isle
Robertbury, CT 29670",N,hours

557,Jeanette Jones PhD,148-14-2912,"9902 Spencer Tunnel Apt. 453
New Curtisfurt, ID 98813",N,miles

558,Mr. Michael Cortez,279-77-2386,"78221 Wang Ramp Apt. 808
Michaelbury, AS 18341",N,hours

559,Joshua Mills,885-81-2856,"93460 King Club
Reevesmouth, MH 41106",Y,hours

560,Theresa Jones MD,064-02-5494,"0292 Henson Burg Suite 134
Scottfort, KS 76173",Y,miles

561,Colleen Hall,889-20-1642,"593 Angel Mountains Suite 008
Cherryville, MS 33567",Y,miles

562,Karen Baker,099-58-4761,"940 Hendrix Points
North Jeffreyton, PA 47322",Y,miles

563,Christine Rodriguez,291-28-9299,"PSC 4392, Box 7296
APO AA 78793",Y,hours

564,Robin Clark,095-25-9392,"66767 Hodges Harbor
Antoniostad, KS 05022",N,miles

565,Sharon Washington,687-15-1672,"710 Koch Estate Suite 219
West Jenniferburgh, DC 05141",N,hours

566,James Nguyen,842-44-1081,"451 Joshua Villages
Pattersonfort, CT 07128",N,hours

567,Steven Vega,172-64-7804,"0310 Schultz Valley
New Allisonhaven, WI 21856",N,hours

568,Debra Rogers,509-70-2035,"3146 Allen Rapids Apt. 091
South Emmamouth, OH 17603",Y,miles

569,Alison Johnson,859-23-8709,"770 Klein Island
Nicoleberg, NJ 17445",N,hours

570,Kimberly Smith,104-11-8392,"18898 James Run
North Meagan, OK 67794",Y,hours

571,Mary Cruz,221-68-1004,"1110 Mccoy Junctions Suite 096
Moraburgh, MA 56050",N,hours

572,Virginia Nguyen,813-52-6453,"9524 Cindy Loaf
Greghaven, NY 83157",Y,miles

573,Donald Gallegos,592-82-5381,"5366 Espinoza Shoals Apt. 920
Williamsside, RI 74258",Y,miles

574,Brooke Simmons,255-37-3537,"432 Patel Stravenue Suite 383
Abbotthaven, OR 70544",Y,miles

575,Donald Berry,894-84-2715,"40150 Williams Brooks
New Amandafort, FL 86894",N,hours

576,Donna Ray,443-30-6726,"39700 Smith Skyway Suite 257
Heathbury, CA 43197",N,hours

577,Phillip Ramos,458-26-5738,"Unit 2921 Box 0903
DPO AE 02219",Y,miles

578,Jeffrey Castillo,698-45-9865,"87451 James Knolls
Paulland, AS 63282",Y,miles

579,Sharon Anderson,886-85-0021,"43236 Murray Pike
North Austinborough, NY 90286",N,hours

580,George Moses,687-35-0872,"17094 Allison Hill Apt. 047
Johnfurt, OK 21210",N,miles

581,Jamie Dean,309-50-6174,"40916 Joel Inlet Apt. 121
East Bonnie, LA 31377",Y,hours

582,Amber Farley,135-48-2517,"84199 Jones Prairie
South Brian, GA 23735",Y,miles

583,Melissa Pierce,684-69-8662,"841 Bailey Roads
Lesterfurt, DE 21790",N,hours

584,Lisa Anderson,163-14-2079,"439 Braun Lakes
East Misty, MO 63720",N,miles

585,Glenn Bright,507-55-1818,"79276 Bryant Crest
Bryanthaven, ME 96054",N,hours

586,Matthew Terrell,324-37-9872,"6896 Barron Brook
Molinaburgh, AR 39300",Y,miles

587,Julie Burns,571-69-3994,"002 Mcdonald Branch Suite 050
Traceybury, TX 69912",N,miles

588,Austin Bennett Jr.,346-25-6608,"261 Austin Falls
North Autumn, IA 90075",N,miles

589,Claire Ramos,603-45-7746,"730 Combs Squares Apt. 451
Kellyhaven, TX 92905",N,miles

590,Richard Riley,071-86-3519,"5536 Kelly Plains
West Andrea, FM 58773",N,miles

591,Lori Jensen,211-98-3545,"43658 Murillo Place Suite 166
Tracybury, NM 65622",N,miles

592,James Ruiz,464-98-6266,"0839 Jackson Viaduct Apt. 530
Georgeton, AZ 29430",Y,hours

593,Jerry Wagner,038-53-0806,"7855 Nichols Cliffs
Smithbury, OH 93943",N,hours

594,Debra Bruce,615-81-9016,"8010 Rogers Hill
South Claudia, RI 15475",N,miles

595,Tiffany Miranda,871-29-6293,"43228 Francis Mews Suite 797
Woodchester, WI 19073",N,miles

596,Jill Blake,677-89-7801,"611 Allison Causeway Suite 454
New Emilyburgh, MI 30362",N,hours

597,Denise Casey,853-53-4667,"67452 Angela Cape
Maddenhaven, AR 60953",Y,hours

598,Alexandria Schmidt,781-71-8171,"81154 Chris Ferry
South Michael, NV 51126",N,miles

599,Austin Jones,182-03-2558,"5623 Courtney Plain Suite 730
Gonzalezland, MS 73555",Y,miles

600,Andrew Olson,705-82-0220,"306 Tamara Spring
West Monicastad, AK 95949",Y,miles

601,Timothy Garza,443-91-8100,"88164 Ashley Extensions
Port Michele, WV 21045",Y,hours

602,Abigail Dillon,659-43-9260,"43689 Sweeney Drive
Sarahmouth, AS 62193",N,hours

603,Richard Lucas,435-41-2951,"7890 Garcia Island
North Brian, MP 62010",Y,miles

604,Joseph Santiago,403-11-9735,"624 Mack Coves
Patrickberg, KS 61774",Y,hours

605,Andrew Robinson,311-29-1133,"549 Macdonald Village Apt. 126
Ryanbury, OH 78226",Y,hours

606,Veronica Perez,255-67-6475,"9031 Robin Canyon
Washingtonborough, MH 95596",N,miles

607,George Lyons,107-90-0747,"477 Stephens Field Suite 610
North Emilyville, WY 75757",Y,hours

608,Bianca Yang,384-06-1959,"703 Jensen Rest Apt. 020
North Gerald, WV 77964",Y,miles

609,Michael Green,661-53-4157,"USNV Turner
FPO AA 04094",N,hours

610,Michael Mullins,783-47-0954,"26882 Joseph Mission
Port Cassandra, NE 58387",N,hours

611,Christopher Harvey,316-85-9631,"009 Morris Stream
Stephenshaven, MI 71289",Y,miles

612,Brandon Ross,252-32-1402,"803 Jacob Locks
South James, AZ 02157",N,hours

613,Kelly Hernandez,388-55-9139,"132 Nathan Streets Apt. 519
Leebury, TX 45120",Y,hours

614,Mrs. Mary Palmer MD,436-40-6674,"870 Seth Forge Suite 826
West Scott, DC 07628",Y,miles

615,Wayne Maxwell,888-70-2963,"9311 Dwayne Freeway
South Karenborough, OR 62324",Y,miles

616,Jennifer Mahoney,705-12-2107,"963 Solomon Coves
Melissaborough, MN 84977",Y,hours

617,George Wells,702-59-0405,"3166 Diane Court
Lawrenceberg, IN 41266",N,hours

618,Cheyenne Osborne,874-30-1066,"716 Warner Tunnel Suite 892
Kellybury, CA 52957",N,hours

619,Nicole Williams,642-93-2861,"PSC 0747, Box 5939
APO AE 76421",Y,hours

620,Robert Ellis,216-90-8954,"Unit 9022 Box 3095
DPO AA 78952",N,miles

621,Lisa Sanders,720-66-7895,"3818 Rhonda Valley Suite 585
Ronaldhaven, ME 27214",Y,miles

622,Mr. Zachary James,449-47-8925,"Unit 4778 Box 7066
DPO AE 22359",Y,hours

623,Vanessa Jimenez MD,389-24-9399,"706 Katie Lake Suite 782
West Jesse, IA 05368",N,hours

624,Robyn Cox,774-84-6148,"80486 Stevenson Locks Apt. 989
Shannonborough, DE 26290",Y,hours

625,April Calderon,601-18-6027,"USNS Williams
FPO AE 05634",N,miles

626,Mario Robertson,585-98-2468,"797 Kyle Square Suite 970
North Manuel, MA 19791",N,hours

627,Kenneth Stewart,569-50-8544,"22083 Samantha Isle
East Thomas, DC 49563",N,hours

628,Lori Wood,738-98-2195,"808 Lisa Wall
Hullmouth, OK 75158",N,miles

629,Jared Maddox,171-56-6586,"785 Weaver Gateway
West Loganchester, SC 50691",Y,hours

630,Kenneth Ortiz,889-79-0629,"0927 Rivera Walk
North Vickie, NH 88681",Y,hours

631,Amanda Horne,406-29-1877,"61575 Janice Parkway Apt. 145
North Beth, ID 69825",N,hours

632,Lisa Collins,765-71-8218,"9120 Thomas Spurs
Liuville, MO 67708",Y,hours

633,Sabrina Fowler,334-87-4568,"6499 Olivia Canyon Suite 010
New Kathy, VA 73160",N,hours

634,Kathleen Grant,513-52-4377,"USCGC Delacruz
FPO AA 47629",Y,miles

635,Nina Lowe,189-92-2243,"0236 Michelle Village Suite 866
Kellyfurt, MI 94123",N,miles

636,Michelle Munoz,328-07-6087,"USS Oconnor
FPO AP 42399",Y,hours

637,Christopher Velez,770-75-4949,"421 Sara Summit Suite 355
Brandyview, WA 92342",N,miles

638,Bryan Werner,602-64-7882,"48662 Reed Hill Suite 114
Perezfurt, GU 96279",N,hours

639,Randy Johnson,373-08-3316,"2530 Wilson Circle
West Meaganstad, MP 00951",N,miles

640,William Martinez,030-18-5429,"PSC 9765, Box 0481
APO AA 44546",N,hours

641,Glenda Martinez,803-81-1798,"3394 Kayla Camp Suite 215
Craigport, OR 30572",Y,miles

642,Joseph Cohen,771-12-6073,"50264 Hicks Trail Suite 297
Lake Loganborough, GA 44686",N,miles

643,Alan Delgado,846-16-8118,"2297 Garcia Groves
North Christine, WI 73818",Y,miles

644,Chelsea English,819-44-1642,"433 Novak Forest Apt. 664
Robertburgh, VT 48300",Y,hours

645,Kelly Brown,560-83-1872,"962 Ferrell Forest Apt. 768
Kristopherland, WI 24840",Y,miles

646,Logan Smith DDS,670-09-5574,"USNS Campbell
FPO AP 50056",Y,hours

647,David Garcia,262-44-1602,"627 Bryan Stream Apt. 223
Rachaelshire, SC 86746",N,hours

648,Kimberly Flores,482-29-6339,"568 Samantha Place
Reneeburgh, NV 46158",Y,hours

649,Angela Rogers,043-26-9904,"7517 Young Pines
Garciaburgh, WY 66776",N,hours

650,Patrick Olson,405-45-9291,"99354 David Throughway
Perryport, NC 83106",Y,miles

651,Carl Craig,528-07-8338,"67283 Greer Islands Suite 961
Janetville, AS 85360",N,hours

652,Andrew Rodriguez,244-63-8863,"589 Christopher Pike
North Douglas, MP 21676",Y,miles

653,Heather Taylor,027-55-4690,"05130 Steele Burg Apt. 293
North Franciscomouth, FM 42089",N,miles

654,Mitchell Bell,226-61-9016,"4009 Powell Squares Suite 242
East Catherineview, NM 59036",N,miles

655,James Murray,572-78-1182,"02541 Jessica Pass
Tinaport, IA 52518",Y,miles

656,Nancy Perez,769-94-7443,"USS Cuevas
FPO AE 54319",N,miles

657,Michelle Smith,786-77-4435,"799 James Islands
Harringtonton, NM 45216",Y,hours

658,Kathleen Gomez MD,342-94-2551,"64810 Payne Landing Apt. 573
Hernandezfurt, PR 03616",Y,hours

659,Anthony Miller,590-70-8029,"409 Stewart Road
Derrickshire, KS 91135",N,hours

660,Jeremy Wells,133-05-0044,"396 Reynolds Mill Apt. 980
New Sarah, MA 04842",N,miles

661,Melanie Harrison,606-74-0334,"8133 Kenneth Hollow
North Bryan, TX 32987",Y,miles

662,Scott Anderson,402-59-0993,"73918 Justin Divide
Mcdonaldchester, NH 01687",Y,hours

663,Randall Lawson,496-08-3056,"257 Jacqueline Pass Suite 145
Grahamchester, ND 08951",N,miles

664,Katelyn Mendez,254-11-3877,"880 Elizabeth Islands Apt. 143
Jacksontown, PA 23365",N,hours

665,Mary Miller,312-04-8306,"123 White Spurs Suite 295
Johnsonview, DE 27622",Y,miles

666,Travis Donaldson,578-05-3925,"PSC 2894, Box 4742
APO AA 02488",N,hours

667,Frank Lam,857-41-5951,"648 Guerrero Mountain Apt. 902
Stephenville, ME 38717",N,miles

668,Amber Christensen,868-25-1776,"12631 Wendy Vista Suite 605
Millerfort, PR 69783",N,miles

669,Karen Koch,394-55-3431,"4251 Rebekah Center Suite 310
East Cynthia, PA 35153",N,hours

670,Megan Becker,500-20-6746,"5217 Jon Junctions Apt. 520
East Emmafurt, MN 07890",Y,miles

671,Jimmy Wilson,447-28-9359,"99506 Joan Shoal
Gregoryside, WA 34525",N,miles

672,Anna Jackson,852-88-0189,"70356 Massey Vista Suite 593
Franciscoville, OH 10771",Y,miles

673,Elizabeth Hurley,360-22-3528,"3069 Scott Junction
Fostertown, OR 58539",Y,hours

674,Ellen Pugh,877-84-1747,"814 Winters Islands Apt. 491
Susanbury, NY 77554",N,hours

675,Katherine Mcgee,691-63-5062,"10894 Karina Shores
South Stanleyport, MH 21238",Y,hours

676,Sarah Huang,420-25-4441,"PSC 4572, Box 9740
APO AP 67212",N,miles

677,Misty Leonard,606-96-5584,"0177 Anderson Wells Apt. 570
Ashleyview, IA 56905",Y,miles

678,Ruben Walker,774-90-1670,"687 Diane Island
Lake Joannaview, WA 11889",Y,miles

679,Laura Lopez,757-92-3933,"10257 Stanley Manors Apt. 617
Port Nathaniel, KY 49319",Y,miles

680,John Campbell,378-50-3230,"43400 Moore Road
South John, AZ 42283",Y,miles

681,Jamie Nelson,811-97-4285,"USNS Mclean
FPO AE 61882",N,miles

682,Dr. Ryan Chen MD,035-46-8966,"9322 Keith Haven Suite 511
Danielton, GU 90007",N,miles

683,Amanda Jones,859-39-8966,"6923 Jessica Trafficway
West Sarahchester, OK 10908",N,hours

684,Yesenia Curry,060-85-9838,"USNV Cooper
FPO AA 12728",Y,hours

685,Dr. Jonathan Medina Jr.,145-76-4965,"29435 Hannah Pass
Port Victor, GA 18874",Y,hours

686,Gabriel Carlson,750-32-4787,"76950 Karen Radial Apt. 653
South Theresafort, PR 78733",Y,miles

687,Carrie Lewis,109-47-0971,"17121 Kirby Stream Suite 939
Turnerview, AK 44116",Y,miles

688,Stacey Jackson,062-23-9234,"106 Callahan Light Apt. 484
Cooperstad, CA 03079",Y,miles

689,Amanda Jackson,835-93-8504,"0697 Hardy Tunnel Apt. 041
West Robertborough, KY 79716",N,hours

690,Adam Davidson,441-40-2460,"75928 Norman Burgs
North Rebecca, TX 48697",Y,miles

691,Vickie Hill,634-15-3788,"1570 Johnson Court Apt. 291
Brentport, NM 24044",N,miles

692,Micheal Allen,822-97-1805,"022 Richard Court
Watsonberg, MI 30049",Y,hours

693,Joyce Gallegos,173-47-3513,"82262 Lynch Mission
North Ethan, AL 95726",Y,miles

694,Jennifer Brooks,065-86-3098,"719 Allen Point Suite 480
East Bryantown, NV 14877",Y,hours

695,Christopher Peterson,550-61-8594,"PSC 4108, Box 1766
APO AP 45353",N,miles

696,Lauren Zuniga,649-29-6260,"06402 Adams Drives Apt. 459
Aguilarchester, SD 74705",Y,hours

697,Pamela Patterson,821-96-0752,"05262 Jeffery Walks Suite 269
Arroyofort, WV 78597",Y,miles

698,Michael Knox,217-63-3468,"63806 Walker Circle
Lauraview, ND 45067",N,miles

699,Jesus Weiss,132-80-9654,"515 Heather Shoals
Sharonburgh, IN 43517",Y,miles

700,Isaac Johnson,831-95-8767,"750 Russell Courts
Taylorland, ME 05348",N,miles

701,Shannon Raymond,489-58-1198,"5866 Luna Drives
Lake Annette, AL 28221",N,miles

702,Amanda Mayer,261-62-9297,"87243 White Well Apt. 432
Livingstontown, MS 80092",Y,miles

703,Joseph Thomas,139-56-2848,"096 Webster Brook Apt. 405
New Chad, MT 69485",Y,hours

704,John Rubio,693-18-7323,"252 Christina Forges
Larryhaven, IL 70479",N,hours

705,Stephen Reese,878-81-4481,"PSC 7874, Box 5847
APO AA 43562",N,miles

706,Rick Harris,284-43-1097,"1885 Palmer Mills Apt. 832
New Shannon, AR 53867",Y,miles

707,Adam Spencer,882-12-0555,"81345 Johnston Isle Apt. 925
New Brandonbury, NC 75288",Y,miles

708,Walter Wood,553-88-4492,"0421 Caleb Heights Suite 993
Brightbury, IA 59805",Y,miles

709,Clarence Wiley,767-15-4107,"9842 Zimmerman Brooks Suite 836
Port Michelleside, CT 49246",N,hours

710,Katherine Boyer,652-73-0786,"1049 Cunningham Cliff
Hunterberg, WA 55880",N,miles

711,Douglas Li,302-70-8642,"USNV Mccall
FPO AA 88040",N,miles

712,Robin Patton,874-91-6697,"277 John Drive
Gardnerhaven, NV 75525",N,miles

713,Brittany Coleman,833-23-9038,"46210 Hunt Mission
New Matthewside, NC 55758",Y,miles

714,Amanda Jackson,121-59-2418,"USCGC Rose
FPO AA 75250",N,miles

715,Vickie Morales,159-31-2121,"0481 Rivera Neck
Calvinhaven, RI 24334",N,hours

716,David Tanner,892-49-2045,"75584 Erik Corner Suite 148
East Juliehaven, AK 21226",N,miles

717,Dale Hicks,681-73-1158,"7008 Gina Street
Lake Kristenview, WI 10813",N,hours

718,Tamara Reilly,677-05-7909,"59476 Chelsey Pine
East Harold, ID 85820",N,hours

719,James Lee,778-75-1373,"Unit 2730 Box 8999
DPO AE 40017",Y,hours

720,Tim Carter,727-42-4214,"2922 Crystal Summit
Michaelstad, MN 88689",N,hours

721,Dawn Reese,229-53-7915,"6823 Melissa Isle Apt. 989
Jarvisview, NE 66855",N,miles

722,David Delgado,078-70-3865,"72625 Samantha Manors
Monicabury, RI 88553",Y,hours

723,Robert Fleming,157-25-5542,"26155 Hawkins Flats Suite 541
Lake Haleybury, AK 42093",N,miles

724,Chad Lawrence,617-05-3736,"USS Gregory
FPO AE 79043",N,miles

725,Christine Francis,526-10-8494,"602 Christina Expressway
North Crystalburgh, SC 62549",Y,miles

726,Mark Young,766-96-0441,"13542 Jason Field Apt. 871
Port Patriciamouth, KS 60049",Y,hours

727,Nancy Munoz,273-31-2908,"58279 Mcclure Mews Apt. 246
New Sarashire, AL 57589",N,miles

728,Christina Curtis,539-84-2944,"94777 Stewart Park
Santiagoberg, KY 66674",Y,miles

729,Jasmine Jackson,769-42-7948,"30413 Joseph Street
West Christopherstad, NY 67382",N,miles

730,Joseph Smith,143-93-1324,"35897 Monica Alley Apt. 451
Lake Jessefort, TN 86767",N,hours

731,Maria Garrett,630-01-5746,"1188 Navarro Track
Ruiztown, ID 15480",Y,miles

732,Jonathan Frazier,845-87-0777,"91969 Vaughan Plaza Suite 255
North Jonathan, FM 87809",N,hours

733,Sheri Gonzalez,778-59-0618,"93318 Lewis Islands
New Jonathan, MP 29738",Y,miles

734,Anthony Hampton,691-10-9980,"0180 Felicia Circle
Mcknightberg, NY 75492",N,miles

735,Kimberly Stewart,111-58-0807,"5835 Sean Port
Jamesmouth, NJ 75956",N,miles

736,David Reed,201-77-3854,"3087 Turner Junction
New Christine, GU 13837",N,miles

737,Kimberly Floyd,725-72-0352,"7413 Casey Neck
Lake Cassandrafort, NH 30886",Y,miles

738,Kimberly Callahan,730-50-0941,"725 Chung Locks Apt. 062
New Robert, OR 36326",N,hours

739,Steven Conway,422-62-6007,"5131 Sean Dale
Vincentside, RI 51107",N,hours

740,Sean Webb,336-12-4627,"906 Thompson Locks Suite 365
South Amberland, TN 68152",N,hours

741,Donna Hamilton,890-78-4725,"77191 Brittany Mountain Suite 798
Pamelamouth, NJ 89555",Y,miles

742,Sheila Blake,790-97-7705,"380 David Harbors
Ginabury, CA 56017",Y,hours

743,Brittany Nelson,435-34-2100,"973 Peterson Shoal
Mckinneyview, NY 07742",Y,hours

744,Alicia Butler,072-20-3986,"367 Jack Ridges Suite 806
South Nicole, GU 80170",N,hours

745,Chris Holland,098-09-2126,"9817 Medina Gardens
Nicholeville, AL 32768",N,hours

746,Meghan Rogers,698-85-3835,"2026 Shannon Stream
Suarezland, MS 26901",N,miles

747,Jonathan Davis,724-56-7608,"086 Adrian Walks Apt. 142
Garybury, KS 57530",Y,hours

748,Pamela Jennings,887-20-0192,"PSC 9615, Box 3123
APO AE 24772",N,hours

749,Luis Smith,636-77-1473,"44940 David Mall Apt. 756
Coopermouth, MA 40076",N,miles

750,Grace Herrera,447-69-9892,"PSC 5359, Box 1741
APO AE 05248",Y,hours

751,Linda Norman,818-31-8024,"1296 Gregory Tunnel
North Andrealand, OR 87296",N,miles

752,Miguel Winters,734-80-8442,"064 King Manors Apt. 561
Port Brian, MI 62076",N,hours

753,Jason Miller,673-23-4390,"369 Zachary Squares Suite 896
New Reginaburgh, ND 42747",Y,hours

754,Heather Mckinney MD,290-96-9862,"772 Frank Freeway
Thorntonstad, MN 85759",N,hours

755,Elaine Clark,105-09-8226,"794 Blake Turnpike Suite 113
Briannatown, MN 14323",Y,miles

756,Dennis Rojas,298-69-0152,"0163 Melissa Parkways
North Annetteshire, CA 58232",Y,hours

757,Tammy Kramer,804-52-9470,"PSC 6967, Box 6184
APO AE 39699",Y,miles

758,Joanne Ward,304-12-9932,"08704 Garrett Curve Apt. 221
Lake Larryburgh, IN 90645",N,hours

759,Susan Newton,415-12-8733,"59469 Anna Mill
Russellville, AZ 29738",N,miles

760,Amber Meyer,631-51-2443,"31518 Evans Brook
Francesview, ME 68104",N,hours

761,Jessica Strickland,771-59-3976,"107 Arnold Port
Ashleyville, CA 91832",N,miles

762,Carla Brown,889-80-6665,"80015 Sarah Summit Apt. 211
Andrewhaven, GA 88695",N,hours

763,Steven Robinson,126-52-6608,"536 Morris Freeway
Christophershire, ND 42312",Y,miles

764,Gilbert King,431-81-1467,"071 Denise Branch Apt. 800
Smithmouth, PW 46650",Y,hours

765,Evan Drake,371-62-1947,"3260 Chris Burg Apt. 508
Harrismouth, DE 33151",N,miles

766,Derrick Smith,816-64-0634,"837 Tina Hills Apt. 232
Michaelton, WY 46271",Y,miles

767,Leslie Morgan,220-44-4165,"6336 Candace Gardens Apt. 946
Scottborough, NE 68571",Y,hours

768,Erica Jones,026-47-7474,"0121 Burgess Plain
South Wendy, FM 88864",N,hours

769,Shaun Miller,730-91-2853,"Unit 4446 Box 5056
DPO AP 05777",Y,miles

770,Miss Penny Delgado MD,683-63-7461,"5571 Coleman Forges Apt. 777
Port Andrew, MI 40828",N,miles

771,Kaylee Hendricks,631-15-8086,"USNS Carter
FPO AP 26586",N,hours

772,Amy Meyer,133-61-3952,"9239 Glass Pines
South Michelle, SC 48977",N,miles

773,Tanya Dickson,254-32-2016,"72647 Joshua Overpass
Davidstad, WI 24385",Y,hours

774,Victor Chavez,487-63-3888,"2256 Graham Brook Apt. 803
Jasonberg, OK 51390",Y,hours

775,Leonard Arnold,176-54-1382,"388 Frye Spur Apt. 520
North Jefftown, IA 66245",Y,hours

776,Jennifer Murphy,808-06-1520,"28970 Steven Mills
Stevensonland, TX 46888",Y,hours

777,Tyler Barker,695-80-2526,"791 Wilkinson Circle Suite 866
Murphytown, WI 75118",Y,hours

778,Valerie Hines MD,390-29-5298,"4439 Avery Ridges Apt. 923
New Paulport, NC 12387",Y,hours

779,Ruben Howard,151-81-1667,"197 Parker River Suite 325
Port Eric, TN 45802",N,hours

780,Lisa Burton,357-44-2991,"1775 Molly Keys Suite 868
North Markfort, AR 51600",Y,miles

781,Abigail Mills,813-52-0954,"19162 Lloyd Squares Apt. 181
Port Davidshire, OR 19664",N,hours

782,Patrick Clayton,807-69-7537,"637 Sherri Manors
East Cheryl, MN 67192",Y,miles

783,Katherine Sanders,517-63-1285,"685 Nichole Dale
Wellsberg, OR 74272",N,miles

784,Amy Garza,345-95-4196,"7491 Henry Station
Trujilloport, FL 36469",N,hours

785,David Reed,754-10-6397,"Unit 3540 Box 1025
DPO AP 25903",Y,miles

786,Kimberly Keller,224-28-0685,"1127 Angela Ridges Apt. 956
Robertschester, MN 37001",N,miles

787,Wendy Garcia,097-73-0796,"12568 Wolfe Shore
South Jeremyshire, DE 93566",N,miles

788,Tara Turner,574-45-1495,"162 Jones Villages
West Colleen, TX 09723",N,miles

789,Hector Jones,482-76-5864,"86946 George Road Suite 183
North Danielborough, LA 09770",Y,hours

790,Megan Houston,328-68-6057,"60198 William Mountain
Crystaltown, VA 93368",N,hours

791,Dr. Michael Walker,838-89-9385,"PSC 9509, Box 3732
APO AE 77450",N,hours

792,Matthew Sharp,447-59-9379,"58435 Owen Rapids Apt. 704
Williamsview, CO 97535",Y,hours

793,Barbara Davis,265-44-8120,"97030 Pamela Station Suite 006
Moorestad, NV 05576",N,miles

794,Victoria Bennett,521-15-5860,"12867 Mary Crest Apt. 607
Larsenton, PW 50996",N,hours

795,Brett Riggs,587-04-6045,"Unit 8608 Box 6609
DPO AP 62309",N,miles

796,Pamela Cooke,757-92-7007,"8277 Ross Ramp
Morrisfurt, GU 97733",N,miles

797,Nicholas Walker,017-98-0075,"364 Samuel Mall Apt. 749
Gomezville, WI 71194",N,miles

798,Kevin Stout,493-37-2759,"USS Guzman
FPO AA 71435",N,hours

799,Brittney Woodard,852-62-1231,"557 Lewis Turnpike Suite 333
Jonathanshire, CO 01083",N,miles

800,Peter Jackson,842-94-2245,"USS Moses
FPO AE 51671",Y,hours

801,Sandra Holden,349-58-4575,"65272 Davis Hills Suite 635
West Cody, PW 34007",Y,hours

802,Ryan Hill,114-70-5025,"2287 Gibson Gateway
East Cynthiamouth, NJ 28925",N,hours

803,Jordan Garza,456-25-3675,"27697 Margaret Throughway Apt. 372
Nguyenview, NH 43264",Y,hours

804,Justin Robbins,009-56-9087,"4064 Cheryl Stream Apt. 363
Lake Natalie, VA 35392",Y,miles

805,Teresa Lynn,103-22-4136,"72665 Romero Corners Apt. 639
Port Angela, WY 12120",N,miles

806,Daniel Sanchez,251-52-7541,"78814 Rios Hollow
Rogersshire, NJ 69522",N,miles

807,Vanessa Brown,628-50-0498,"3968 Ray Center
Conniemouth, DC 16575",Y,hours

808,Raymond Vance,692-30-9551,"1879 Cameron Street Apt. 005
Wallaceside, FM 04252",Y,miles

809,John Sanders,580-49-5952,"0193 Mays Squares
Richardview, DE 87307",Y,hours

810,Douglas Watts,446-94-2870,"75443 Karina Roads Suite 800
New Christopherfort, IN 80274",N,hours

811,Sandra Parker,775-97-9249,"6146 Smith Square
Cowanville, NM 21762",Y,hours

812,David Mendoza,042-95-4054,"787 Candace Drive
North Matthewton, SC 86196",N,miles

813,Reginald Goodman,755-25-7563,"Unit 1266 Box 7121
DPO AE 14109",Y,hours

814,Christopher Brown,007-80-5319,"179 Bianca Dale Suite 588
West Thomas, AL 31915",Y,hours

815,Elizabeth Weaver,406-98-1198,"USNV Lopez
FPO AA 52398",Y,hours

816,Shannon Anderson,295-56-3280,"01953 Patricia Passage Apt. 102
East Shawn, NV 70366",Y,hours

817,Roy King,535-04-2941,"592 Fisher Ferry Apt. 886
Chandlerburgh, OR 63168",Y,hours

818,Rebecca Strong,204-08-1011,"987 Ward Orchard
South Natalie, DE 26109",Y,miles

819,Michael Hays,549-03-3455,"40864 Matthew Field
Emilyburgh, VA 10586",Y,hours

820,Crystal Woodward,097-65-5733,"725 Richard Turnpike Apt. 814
Stephenview, MA 47251",N,hours

821,Diana Greene,044-42-0629,"57637 Cochran Avenue Apt. 557
Robbinsborough, AR 90808",N,miles

822,Jim Gregory,272-20-9242,"994 Hawkins Squares Apt. 966
Sparksview, CO 29896",Y,hours

823,Margaret Shaw,746-18-9299,"USCGC Huang
FPO AA 87018",Y,miles

824,Brandon Williams,786-42-0399,"4569 Terry Ridges
New Cynthiafort, NH 18317",N,hours

825,Patricia Garcia,827-10-6416,"98941 John Locks
New Melissa, NY 50531",N,hours

826,Felicia Curry,720-82-8436,"451 Ronnie Walk
Hernandezview, AZ 85383",Y,hours

827,Scott Jimenez,595-67-6849,"USNV Trujillo
FPO AA 57352",N,miles

828,Lisa Wagner,017-56-5067,"5432 Steven Field
Lake Anna, VA 59986",N,hours

829,Taylor Ray,110-64-9838,"8947 Robert Gateway
Lake Anitafurt, PA 80526",Y,hours

830,John West,117-05-8144,"32880 Robert Forge
Jenniferville, CT 43442",Y,hours

831,Jordan Weber,547-62-7348,"417 Samantha Key
Lucasville, GU 14064",N,hours

832,Victor Schmidt,788-99-6216,"64218 Mcdonald Springs
Dawnbury, NM 56792",N,hours

833,Anthony Curtis,572-76-5722,"487 Gould Mount Apt. 721
Port Barryshire, CT 83794",N,miles

834,Joshua Reed,347-98-3493,"010 Vazquez Mountain Suite 436
South Gloriaport, NM 68739",Y,hours

835,Denise Wallace,588-02-8477,"64694 Maria Turnpike Apt. 723
Thompsonside, PA 48011",N,hours

836,Mr. Derek Nelson DDS,576-46-0998,"8103 Erik Squares
Bryanmouth, AL 75092",N,hours

837,Cynthia Durham,698-99-3031,"4479 Thomas Brook
Port Joshualand, KY 04925",N,hours

838,Craig Shah,614-81-2435,"0259 Jennifer Plain
Delacruzville, IL 90472",Y,hours

839,Jason George,800-87-5134,"3721 Cindy Mews
East Stephen, TX 23795",Y,hours

840,Jose Smith,036-98-5832,"57066 Justin Motorway Suite 077
Charlotteside, IL 89987",N,hours

841,Zachary Kerr,263-59-4876,"88936 Christian Summit
Lake Vickieburgh, SD 54532",Y,hours

842,Brian Mann,073-04-5506,"676 Clark Roads Apt. 488
East Kurtview, MO 75265",N,miles

843,Joseph Wheeler,166-92-7762,"63242 Donna Garden Suite 695
Port Sarah, MH 07838",N,hours

844,Elizabeth Tate,088-53-3271,"2104 Frank Locks
West Miranda, IN 39629",Y,hours

845,Christine Riley,312-64-7968,"82391 Jennifer Roads Suite 569
Mooreburgh, RI 80559",Y,miles

846,Kristen Gonzales,048-29-3880,"573 Morris Pines Suite 695
Debraburgh, ID 91277",Y,hours

847,David Craig,074-66-4004,"3982 Patricia Tunnel Suite 427
Lake Abigail, OR 54331",N,miles

848,Jose Brown,520-24-6900,"646 Evan Highway
South Melanie, PR 20470",Y,hours

849,Michael Wilson,462-69-4195,"54281 Nelson Street
West Angelaville, PW 12117",Y,hours

850,Dr. Andrew Anderson,652-53-9182,"0757 Cheryl Court Apt. 642
Lewismouth, NM 21193",Y,hours

851,Sherri Hart,859-73-9363,"17074 Jose Lane Suite 802
Port Catherine, MD 66726",Y,miles

852,Matthew Hall,700-95-1580,"343 Jose Bypass
Dianaberg, PR 50503",N,miles

853,Stephen Black,190-29-7891,"50798 Cynthia Isle Suite 418
Stevensview, KY 32741",N,hours

854,Megan Hamilton,155-83-9907,"USCGC Orr
FPO AE 38166",Y,miles

855,Crystal Ross,849-53-6775,"Unit 9008 Box 9766
DPO AA 68198",N,miles

856,Douglas Horn,352-19-8246,"9706 Wells Valley
Lamfurt, OK 81643",N,hours

857,Elizabeth Jackson,801-83-3510,"3960 Stephanie Mews
Davidsonview, SD 85130",N,hours

858,Tina Ramirez,050-04-2164,"22262 Friedman Port
Port Ashley, NC 47107",Y,hours

859,Aaron Meyer,060-15-6820,"43216 Larson Crossroad Suite 650
North Jessica, CO 41987",Y,hours

860,Eric Martinez,483-23-8249,"9440 Kristen Union
Yatesmouth, NJ 87982",N,hours

861,Johnny Gilbert,301-16-7544,"USNS Schmidt
FPO AE 04995",Y,miles

862,Tiffany Smith,308-51-1809,"640 Nelson Keys
Port David, AZ 13585",N,hours

863,Richard Craig MD,355-59-2277,"05032 Krystal Stravenue
Marshallborough, LA 02348",N,miles

864,Ms. Kiara Bailey PhD,243-36-0849,"068 Henry Square
Makaylaville, GU 91588",Y,hours

865,Alexis Sutton,026-66-9620,"307 Smith Fords
East Sarah, ID 16345",Y,miles

866,Renee Davis,774-73-8821,"82400 Johnson Parkway Apt. 194
Sullivantown, MT 48199",Y,hours

867,Stephen Horn,102-31-4952,"Unit 7161 Box 2056
DPO AA 76167",N,miles

868,Cory Randall,045-29-9220,"2948 Meyer Greens
West Rebecca, MN 64913",N,hours

869,Steven Evans,433-80-6029,"02426 Eddie Extensions Suite 009
South Jacquelineside, IN 53990",Y,hours

870,Keith Harris,471-18-3676,"USCGC James
FPO AE 09683",Y,hours

871,Robert Long,245-07-6655,"35752 Jacqueline Springs
North Robert, MT 85797",Y,miles

872,Adriana Walker,842-75-8681,"96743 Gary Club Suite 033
Wilsonburgh, WA 82924",N,hours

873,Kristin Hamilton DDS,217-74-7180,"459 Roberts Mountains Apt. 062
Georgestad, MH 18554",Y,miles

874,Tiffany Jones,504-96-4467,"6755 Yolanda Island Apt. 212
Oliverborough, CT 48537",N,hours

875,Patricia Lawrence,686-95-3399,"4181 Craig Union Apt. 636
Stevenmouth, NH 86839",Y,hours

876,Leslie Banks,005-87-6486,"5929 Regina Forge
Carlashire, PR 15168",Y,miles

877,Thomas Baker,447-56-3782,"2564 Peters Stream
Heatherstad, AL 94646",N,miles

878,Steven Rodriguez,265-54-9758,"361 Richard View
Birdside, GU 66398",N,miles

879,Shelly Clark,353-13-2627,"Unit 3495 Box 2927
DPO AE 75823",N,miles

880,Dana Henson,172-60-3265,"9900 Garcia Pike Suite 832
North Gregory, IL 70274",Y,miles

881,Barry Stevens,543-16-0633,"0280 Butler Extensions Suite 540
Amberfort, AK 16689",Y,miles

882,Michael Jones,544-42-7926,"251 Cannon Groves
Rodriguezland, CO 33303",Y,hours

883,Kim Bowen,611-68-0932,"2139 Donna Wall Apt. 523
Port Autumnville, ND 63076",Y,miles

884,Sydney Garner,673-64-1218,"4827 Jones Shores Apt. 655
Kleinburgh, HI 91177",N,miles

885,Lindsey Cisneros,408-18-5040,"2954 Brian Ways Apt. 153
Port Nicole, MI 95483",Y,hours

886,Diana Davis,220-87-1511,"88617 Jones Road Apt. 848
New Destinystad, VT 54245",Y,hours

887,Brittany Williams,212-74-7618,"USCGC Fleming
FPO AP 60031",N,hours

888,Daniel Marshall,834-70-9432,"88533 Hendricks Points Apt. 232
New Brandon, WV 27737",N,hours

889,Katherine Mendoza,073-93-9545,"469 Diana Falls
Lake Michelleport, MO 33836",N,miles

890,Cody Weaver,500-96-1732,"894 Aaron Bridge
East Nicholas, SC 25980",Y,miles

891,Bradley Yu,521-07-4615,"12856 Sandra Groves Apt. 835
Sanchezville, HI 02905",Y,hours

892,Ethan Davis,761-17-2003,"2837 Gina Shores
Port Jamesville, IN 62238",N,hours

893,Danny Perez,061-54-5163,"65232 Vernon Burgs
New Christopher, GA 65731",Y,hours

894,Nicholas Morrison,440-13-1624,"1840 Payne Trail Apt. 757
North David, MI 32883",Y,miles

895,Jim Howard,590-43-5067,"27875 Susan Mission
Patriciaton, MH 85712",Y,hours

896,Dana Reynolds,751-05-4181,"73426 Joshua Lights Suite 676
Suemouth, PR 38112",Y,hours

897,Natasha Wise,669-35-6883,"207 Jacob Light
East Maryshire, FM 71910",Y,hours

898,Amanda Clements,663-48-8891,"38179 Melissa Spur Apt. 542
New Jesusburgh, FL 21699",Y,hours

899,Samantha Gibson,182-87-9507,"USS Woods
FPO AA 56062",N,miles

900,Christian Owens,549-78-2657,"0439 Lauren Fall
Port Michael, WI 29329",Y,hours

901,Lauren Jensen,394-93-2623,"02342 Elizabeth Brook
Eddieburgh, MS 70612",N,miles

902,Victoria Gordon,727-71-6575,"4071 Jessica Curve Apt. 868
Lake Stevenland, MD 42445",N,miles

903,Timothy Chambers,027-60-9439,"25917 Alexis Plaza
Tonyaside, MD 80616",Y,hours

904,Elizabeth Johnson,239-24-2179,"92688 Grant Fort
Cindyhaven, SD 99285",N,hours

905,Karen Stevens,894-48-2561,"86045 Michael Lodge
Port Sarah, GU 42465",Y,hours

906,Cathy Pearson,257-75-6160,"006 Emily Oval Apt. 923
West Eric, CA 97126",Y,hours

907,Ricky Shields,512-97-3080,"37385 Kendra Villages Apt. 043
Lynchton, AK 51162",N,hours

908,Hunter Miller,756-90-7934,"1121 Wayne Junction
Lisafort, NE 84872",N,hours

909,Paul Santos,678-47-3350,"3926 Montes Inlet Suite 707
Port Timothyfort, MH 41830",Y,hours

910,Taylor Norris,477-65-3860,"335 Henderson Stream
Johnhaven, WV 54521",N,hours

911,Richard Bowers,199-20-3003,"2692 Tammy Trail Apt. 018
North Michaelfort, UT 90969",N,miles

912,Jessica Wilson,758-91-4408,"6362 Rachel Dale Apt. 220
Wrightberg, OR 16543",Y,miles

913,Jessica Roberts,244-04-1474,"PSC 5534, Box 0500
APO AA 96040",N,hours

914,Jake Wheeler,784-64-3484,"7755 Curtis Circles Suite 058
West Brian, OK 24157",N,miles

915,William Williams,199-45-2673,"4210 Tammy Spurs
South Heidimouth, FM 81131",N,miles

916,Tanya Horn,046-16-0982,"6318 Joseph Unions Suite 479
Rodgershaven, VA 66637",Y,miles

917,Justin Pennington,511-22-4674,"Unit 3944 Box 4824
DPO AA 05233",N,miles

918,Alec Torres,563-82-4353,"717 Amy Plains Suite 339
Garciamouth, AR 79974",N,miles

919,Stephanie Brown,495-37-5059,"0792 Travis Curve Suite 501
Gonzalezfurt, KY 45002",N,hours

920,Jessica Robinson,460-41-2212,"272 Rebecca Junctions Suite 730
Meganborough, CT 42601",Y,hours

921,Sara Hoffman,130-29-2790,"012 Natasha Alley
West Sean, CO 97930",N,miles

922,Martin Jacobs,626-16-8313,"62345 Joel Drive
Blankenshiphaven, MI 53598",Y,hours

923,Eric Pena,832-25-2204,"725 Chris Drives Apt. 533
Port Diane, IN 67698",N,hours

924,Devin Clark,842-81-0131,"046 King Drives
West Karenfort, FL 87893",Y,hours

925,Paul Jones,661-69-2747,"USS Hill
FPO AA 32200",Y,hours

926,Brenda Oliver,258-88-6856,"67895 Nicole Springs
Lake Lindsay, MI 59718",N,hours

927,Amanda Jackson,403-14-2705,"41121 Nicholas Light
Martinezland, GU 08706",N,hours

928,Robert Allen,064-90-4493,"68509 Fields Villages
South Georgeburgh, WY 75447",N,miles

929,Danielle Rosales,140-71-1309,"PSC 5608, Box 4759
APO AE 60235",Y,miles

930,Nicholas Shaw,554-99-3221,"14642 Miller Freeway
East Paul, PR 38465",N,hours

931,Joseph Ward,304-49-5302,"90684 Jamie Villages Apt. 096
Wardhaven, CA 67861",N,miles

932,Logan Brown,198-48-4960,"Unit 1324 Box 3547
DPO AP 04188",N,hours

933,James Alvarez,089-57-1054,"PSC 4326, Box 8548
APO AA 05837",N,miles

934,Daniel Silva,404-03-6453,"093 Ford Shoal Apt. 649
Marshallmouth, KY 01560",N,miles

935,Robert Odom,873-05-4264,"981 Paul Village Suite 966
Tracyport, MT 84599",N,hours

936,Patricia Kelley,177-89-1762,"89612 Laurie Center
Howardmouth, OH 26080",Y,miles

937,Scott Pierce,571-07-3226,"3451 Julie Roads Apt. 191
Lake Joshuafort, MP 52444",Y,hours

938,Jessica Webster,483-34-4834,"8788 Elizabeth Ports
Christopherfort, TX 54570",Y,miles

939,April Spencer,006-74-1107,"37799 Christopher Street
New Christian, WI 69270",N,hours

940,Megan Banks,254-45-6139,"893 Erika Harbors Apt. 792
North Curtisburgh, CT 06691",Y,miles

941,Anthony Guzman,809-10-4242,"857 Nathan Flat
South Jaclyn, HI 18592",N,miles

942,Robert Wheeler,005-06-3343,"81797 Ball Parkway
North Williamfurt, CA 18049",N,hours

943,Kathryn Owen,515-76-2749,"468 Allison Ports Suite 960
Port Danielfort, WV 68580",N,hours

944,Donald Douglas,869-93-9070,"14565 Carolyn Mill Suite 680
Petersonville, RI 71565",N,hours

945,Mary Warren,546-09-6846,"767 Victor Drive Suite 991
Robleshaven, DE 99638",N,miles

946,Ryan Webb,644-70-3276,"02804 Blair Forest Apt. 801
New Coleburgh, MO 03735",Y,miles

947,Jacob Bowman,530-52-6621,"9812 Bonnie Fork Apt. 745
New Theresa, DC 88097",Y,hours

948,Michelle Brown,660-51-7991,"6525 Howell Throughway Suite 067
West Kathrynshire, LA 58841",Y,hours

949,Jeffrey Hebert,789-39-7869,"Unit 0135 Box 4501
DPO AE 89353",Y,miles

950,Courtney Brown,789-55-5010,"24768 Brown Run Suite 407
Moraleshaven, DC 32590",N,hours

951,Michael Marks,825-37-6543,"939 Jordan Summit
North Donald, MI 40622",N,hours

952,Lauren Kennedy,337-42-4264,"5303 Huang Villages Apt. 077
Davisbury, IA 50754",Y,miles

953,Brian Fry,429-59-8069,"0764 Zuniga Station Suite 408
Morenoville, IA 02798",N,miles

954,Curtis Ray,221-45-9778,"PSC 6272, Box 4922
APO AP 55023",N,hours

955,Heather Wilkerson,832-03-6798,"92659 Elizabeth Track Suite 764
Lake Melissa, OR 82465",Y,miles

956,Christy Shepherd,369-47-2235,"37402 White Port Suite 642
Benjaminberg, DC 20457",N,hours

957,Heather Barrett,517-54-6903,"50479 Brittany Station
West Carloshaven, TN 54531",N,hours

958,Mark Cooley,241-47-2910,"171 Gamble Streets
New Stacey, IA 23524",Y,hours

959,Shane Anthony,758-17-2848,"5706 Mitchell Via Apt. 389
South Deannaburgh, NC 12517",N,hours

960,Eric Mitchell,017-70-3488,"96052 Richard Field
North Anthonyberg, GU 74644",Y,hours

961,Steven Jackson,484-46-2998,"9240 Alison Plain
Melissastad, TN 77628",Y,miles

962,Lisa Taylor DDS,158-17-5980,"7771 Marshall Alley
New Gabrielamouth, GU 38952",Y,miles

963,John Casey,814-53-3293,"55343 Smith Lodge Suite 029
Port Kaitlin, HI 13475",Y,miles

964,Pamela Brown,548-01-9325,"851 Molina Freeway
South Christophermouth, WI 78790",Y,miles

965,Mallory Soto,219-86-0607,"78359 Alexandra Roads
West Bernardfurt, KY 82232",Y,miles

966,Monica Rivera,190-11-1335,"661 Martin Run Suite 146
Calhounmouth, WV 30332",Y,hours

967,Karen Jones,303-11-2732,"896 Davis Locks
Davidshire, MP 46218",Y,hours

968,Tara Maxwell,647-82-5990,"280 Evelyn Fort
Jamesberg, FL 53458",N,miles

969,Mark Booker,420-53-1000,"08376 Nelson Summit
Ericaville, NJ 27214",N,miles

970,Chad Rice,815-84-0468,"2362 Barajas Villages Suite 756
Martinezfort, IL 78729",Y,hours

971,Leslie Phillips,187-28-5901,"USNS Hernandez
FPO AA 40482",N,hours

972,William Garcia,128-27-9391,"970 Cooper Green Apt. 661
Hoffmanfurt, GA 17832",N,hours

973,Joshua Gonzalez,427-43-4234,"73436 Ortiz Prairie Suite 986
Andrewview, IA 12257",N,hours

974,Michael Leonard,651-88-2645,"7240 Jacqueline Tunnel Apt. 929
Hillview, KS 98152",Y,hours

975,Sarah Gates,464-04-0193,"521 Gillespie Street
East Stephanie, SD 21359",Y,miles

976,April Simpson,103-76-9172,"6932 Taylor Fords
South Christian, UT 72119",Y,miles

977,Isaac Stewart,376-28-8383,"719 Rebecca Fords
Jamesmouth, AS 51244",N,hours

978,Cathy Miranda,281-09-8285,"0824 Donna Locks
Garyport, OK 30629",N,hours

979,William Maxwell,022-41-8625,"9349 Baker Mount Apt. 486
Port Michele, GA 84328",Y,miles

980,Debra Cain,761-01-9975,"063 Richards Plaza Apt. 081
Edwinfurt, OK 64180",N,miles

981,Vincent Franklin,334-43-8369,"10499 Herbert Fords
Murraytown, ID 31363",N,hours

982,Alicia Young,801-57-1945,"6885 Knight Freeway
New Kendra, MO 98087",N,hours

983,Jeffrey Lozano,397-21-6779,"42654 Kaitlyn Extensions
Travisland, FM 33231",N,miles

984,Crystal Williams,891-07-2107,"5069 Salazar Heights Apt. 194
Brianfurt, MN 61909",Y,miles

985,David Martinez,023-12-6041,"1460 David Pine
Matthewberg, MA 51644",Y,miles

986,Paul Fisher MD,512-53-0207,"622 Gardner Corners Apt. 979
Flemingport, GU 78571",Y,miles

987,Robert Brady,635-03-9125,"1630 Courtney Ports
Port Nicholasfort, GA 99685",Y,hours

988,Mark Stewart,811-69-7268,"USCGC Horn
FPO AA 99491",N,miles

989,Carol Frost,674-83-8282,"047 Sharp Mission Apt. 160
North Richard, OH 57471",N,miles

990,John Lambert,899-30-4833,"Unit 7104 Box 7483
DPO AE 85021",Y,hours

991,Douglas Phillips,433-47-6075,"19833 Odonnell Place Suite 563
Markville, MP 79114",N,miles

992,Teresa Rivera,299-77-9406,"679 Francis Expressway
South Dawnshire, CO 27416",Y,hours

993,Jessica Garcia,027-39-1121,"82527 John Mews
East Isaac, MO 64156",Y,miles

994,Deborah Kemp,412-19-4412,"90980 Christopher Radial Apt. 789
East Natalie, NC 07268",Y,hours

995,Ashley Skinner,742-18-1778,"72084 Katherine Greens Apt. 238
South Lisa, AR 62197",N,miles

996,Janet Booth,560-66-5458,"74704 Brown Garden Suite 883
Stevensonmouth, RI 27925",N,hours

997,Alexander Reed,160-72-8030,"32608 William Radial
Kellytown, NC 73015",Y,hours

998,Bonnie Hatfield,097-41-8482,"419 Johnson Unions Suite 978
Hoffmanfort, KS 46597",N,hours

999,Mr. David Young Jr.,249-14-0908,"5084 Kenneth Plains Suite 549
Hoshire, AL 96246",N,miles

1000,Rachel Johnson MD,509-15-0643,"142 Ashley Turnpike Apt. 775
West Richard, AR 50766",N,hours

1001,Victor Pope,383-96-8366,"311 Marsh Harbor
Tarafort, MD 99196",Y,hours

1002,George Coleman,658-30-7692,"5880 Jackson Lake Apt. 566
New Mary, WV 72841",Y,hours

1003,Richard French,839-46-8742,"0570 Mitchell Meadows
East Jordan, KS 76544",Y,hours

1004,Sarah Harrison,082-81-2472,"91722 Ball Rest
North Erik, UT 81640",N,miles

1005,Barry Rivera,854-96-5252,"904 Cruz Shoal
Gonzalezfort, NH 06919",N,miles

1006,Wesley Blair,741-14-9439,"PSC 0093, Box 6763
APO AE 65162",N,miles

1007,Christopher Howard,575-20-4796,"USNV Payne
FPO AP 27600",Y,miles

1008,Michelle Sosa,003-76-4649,"185 Perez Club Apt. 185
Hughesmouth, ME 83395",N,miles

1009,Michael Castro,378-32-6608,"87586 James Ville
Brownberg, HI 98371",N,miles

